ThumbnailQueue initialized with config: {
  debounceSeconds: 10,
  cooldownSeconds: 10,
  maxConcurrent: 4,
  batchSize: 100,
  batchWaitSeconds: 5,
}
Starting media watcher...
🔍 SSDP Discovery server started on port 1900
Watching directory: /Users/mathiasboe/Projects/runecortex/images-and-video-folder-for-testing
Performing initial scan of watch directories...
Duplicate detected: /Users/mathiasboe/Projects/runecortex/images-and-video-folder-for-testing/test/25-01-01-12-27 AM-7728 x 5152 1.jpg is similar to /Users/mathiasboe/Projects/runecortex/images-and-video-folder-for-testing/25-01-01-12-27 AM-7728 x 5152 1.jpg
Duplicate detected: /Users/mathiasboe/Projects/runecortex/images-and-video-folder-for-testing/test/25-01-01-12-26 AM-7728 x 5152 2.jpg is similar to /Users/mathiasboe/Projects/runecortex/images-and-video-folder-for-testing/25-01-01-12-26 AM-7728 x 5152 2.jpg
Duplicate detected: /Users/mathiasboe/Projects/runecortex/images-and-video-folder-for-testing/test/25-01-01-12-26 AM-7728 x 5152 3.jpg is similar to /Users/mathiasboe/Projects/runecortex/images-and-video-folder-for-testing/25-01-01-12-26 AM-7728 x 5152 3.jpg
Duplicate detected: /Users/mathiasboe/Projects/runecortex/images-and-video-folder-for-testing/test/25-01-01-12-26 AM-7728 x 5152 1.jpg is similar to /Users/mathiasboe/Projects/runecortex/images-and-video-folder-for-testing/25-01-01-12-26 AM-7728 x 5152 1.jpg
Duplicate detected: /Users/mathiasboe/Projects/runecortex/images-and-video-folder-for-testing/test/25-01-01-12-25 AM-7728 x 5152.jpg is similar to /Users/mathiasboe/Projects/runecortex/images-and-video-folder-for-testing/25-01-01-12-25 AM-7728 x 5152.jpg
Duplicate detected: /Users/mathiasboe/Projects/runecortex/images-and-video-folder-for-testing/test/25-01-01-12-26 AM-7728 x 5152.jpg is similar to /Users/mathiasboe/Projects/runecortex/images-and-video-folder-for-testing/25-01-01-12-26 AM-7728 x 5152.jpg
ThumbnailQueue: Added 6 items to queue. Total in queue: 6
ThumbnailQueue: Waiting 10 second(s) before processing...
Initial scan complete. Thumbnail queue status: waiting, queued: 6
👁️  Watching directories: /Users/mathiasboe/Projects/runecortex/images-and-video-folder-for-testing
🚀 Server ready at http://localhost:4001/graphql
📁 Media files served at http://localhost:4001/media/:id
🖼️ Thumbnails served at http://localhost:4001/thumbnails/:id.jpg
ThumbnailQueue: Starting processing of 6 items
ThumbnailQueue: Error processing item 232: 71 | 
72 |     // Check if source file exists
73 |     try {
74 |       await access(item.filepath, constants.F_OK);
75 |     } catch {
76 |       throw new Error(`Source file not found: ${item.filepath}`);
                 ^
error: Source file not found: /Users/mathiasboe/Projects/runecortex/images-and-video-folder-for-testing/25-01-01-12-25 AM-7728 x 5152.jpg
      at generateForMediaItem (/Users/mathiasboe/Projects/runecortex/stash-clone/backend/src/services/thumbnail.ts:76:13)

ThumbnailQueue: Error processing item 235: 71 | 
72 |     // Check if source file exists
73 |     try {
74 |       await access(item.filepath, constants.F_OK);
75 |     } catch {
76 |       throw new Error(`Source file not found: ${item.filepath}`);
                 ^
error: Source file not found: /Users/mathiasboe/Projects/runecortex/images-and-video-folder-for-testing/25-01-01-12-26 AM-7728 x 5152 3.jpg
      at generateForMediaItem (/Users/mathiasboe/Projects/runecortex/stash-clone/backend/src/services/thumbnail.ts:76:13)

ThumbnailQueue: Error processing item 234: 71 | 
72 |     // Check if source file exists
73 |     try {
74 |       await access(item.filepath, constants.F_OK);
75 |     } catch {
76 |       throw new Error(`Source file not found: ${item.filepath}`);
                 ^
error: Source file not found: /Users/mathiasboe/Projects/runecortex/images-and-video-folder-for-testing/25-01-01-12-26 AM-7728 x 5152 2.jpg
      at generateForMediaItem (/Users/mathiasboe/Projects/runecortex/stash-clone/backend/src/services/thumbnail.ts:76:13)

ThumbnailQueue: Error processing item 233: 71 | 
72 |     // Check if source file exists
73 |     try {
74 |       await access(item.filepath, constants.F_OK);
75 |     } catch {
76 |       throw new Error(`Source file not found: ${item.filepath}`);
                 ^
error: Source file not found: /Users/mathiasboe/Projects/runecortex/images-and-video-folder-for-testing/25-01-01-12-26 AM-7728 x 5152 1.jpg
      at generateForMediaItem (/Users/mathiasboe/Projects/runecortex/stash-clone/backend/src/services/thumbnail.ts:76:13)

ThumbnailQueue: Error processing item 236: 71 | 
72 |     // Check if source file exists
73 |     try {
74 |       await access(item.filepath, constants.F_OK);
75 |     } catch {
76 |       throw new Error(`Source file not found: ${item.filepath}`);
                 ^
error: Source file not found: /Users/mathiasboe/Projects/runecortex/images-and-video-folder-for-testing/25-01-01-12-26 AM-7728 x 5152.jpg
      at generateForMediaItem (/Users/mathiasboe/Projects/runecortex/stash-clone/backend/src/services/thumbnail.ts:76:13)

ThumbnailQueue: Error processing item 238: 71 | 
72 |     // Check if source file exists
73 |     try {
74 |       await access(item.filepath, constants.F_OK);
75 |     } catch {
76 |       throw new Error(`Source file not found: ${item.filepath}`);
                 ^
error: Source file not found: /Users/mathiasboe/Projects/runecortex/images-and-video-folder-for-testing/25-01-01-12-27 AM-7728 x 5152 1.jpg
      at generateForMediaItem (/Users/mathiasboe/Projects/runecortex/stash-clone/backend/src/services/thumbnail.ts:76:13)

ThumbnailQueue: Batch complete. Processed: 0, Skipped: 0, Failed: 6
ThumbnailQueue: Queue empty, returning to idle
Performing periodic check for missed files...
Duplicate detected: /Users/mathiasboe/Projects/runecortex/images-and-video-folder-for-testing/test/25-01-01-12-27 AM-7728 x 5152 1.jpg is similar to /Users/mathiasboe/Projects/runecortex/images-and-video-folder-for-testing/25-01-01-12-27 AM-7728 x 5152 1.jpg
Duplicate detected: /Users/mathiasboe/Projects/runecortex/images-and-video-folder-for-testing/test/25-01-01-12-26 AM-7728 x 5152 2.jpg is similar to /Users/mathiasboe/Projects/runecortex/images-and-video-folder-for-testing/25-01-01-12-26 AM-7728 x 5152 2.jpg
Duplicate detected: /Users/mathiasboe/Projects/runecortex/images-and-video-folder-for-testing/test/25-01-01-12-26 AM-7728 x 5152 3.jpg is similar to /Users/mathiasboe/Projects/runecortex/images-and-video-folder-for-testing/25-01-01-12-26 AM-7728 x 5152 3.jpg
Duplicate detected: /Users/mathiasboe/Projects/runecortex/images-and-video-folder-for-testing/test/25-01-01-12-26 AM-7728 x 5152 1.jpg is similar to /Users/mathiasboe/Projects/runecortex/images-and-video-folder-for-testing/25-01-01-12-26 AM-7728 x 5152 1.jpg
Duplicate detected: /Users/mathiasboe/Projects/runecortex/images-and-video-folder-for-testing/test/25-01-01-12-25 AM-7728 x 5152.jpg is similar to /Users/mathiasboe/Projects/runecortex/images-and-video-folder-for-testing/25-01-01-12-25 AM-7728 x 5152.jpg
Duplicate detected: /Users/mathiasboe/Projects/runecortex/images-and-video-folder-for-testing/test/25-01-01-12-26 AM-7728 x 5152.jpg is similar to /Users/mathiasboe/Projects/runecortex/images-and-video-folder-for-testing/25-01-01-12-26 AM-7728 x 5152.jpg
Performing periodic check for missed files...
Duplicate detected: /Users/mathiasboe/Projects/runecortex/images-and-video-folder-for-testing/test/25-01-01-12-27 AM-7728 x 5152 1.jpg is similar to /Users/mathiasboe/Projects/runecortex/images-and-video-folder-for-testing/25-01-01-12-27 AM-7728 x 5152 1.jpg
Duplicate detected: /Users/mathiasboe/Projects/runecortex/images-and-video-folder-for-testing/test/25-01-01-12-26 AM-7728 x 5152 2.jpg is similar to /Users/mathiasboe/Projects/runecortex/images-and-video-folder-for-testing/25-01-01-12-26 AM-7728 x 5152 2.jpg
Duplicate detected: /Users/mathiasboe/Projects/runecortex/images-and-video-folder-for-testing/test/25-01-01-12-26 AM-7728 x 5152 3.jpg is similar to /Users/mathiasboe/Projects/runecortex/images-and-video-folder-for-testing/25-01-01-12-26 AM-7728 x 5152 3.jpg
Duplicate detected: /Users/mathiasboe/Projects/runecortex/images-and-video-folder-for-testing/test/25-01-01-12-26 AM-7728 x 5152 1.jpg is similar to /Users/mathiasboe/Projects/runecortex/images-and-video-folder-for-testing/25-01-01-12-26 AM-7728 x 5152 1.jpg
Duplicate detected: /Users/mathiasboe/Projects/runecortex/images-and-video-folder-for-testing/test/25-01-01-12-25 AM-7728 x 5152.jpg is similar to /Users/mathiasboe/Projects/runecortex/images-and-video-folder-for-testing/25-01-01-12-25 AM-7728 x 5152.jpg
Duplicate detected: /Users/mathiasboe/Projects/runecortex/images-and-video-folder-for-testing/test/25-01-01-12-26 AM-7728 x 5152.jpg is similar to /Users/mathiasboe/Projects/runecortex/images-and-video-folder-for-testing/25-01-01-12-26 AM-7728 x 5152.jpg
Performing periodic check for missed files...
Duplicate detected: /Users/mathiasboe/Projects/runecortex/images-and-video-folder-for-testing/test/25-01-01-12-27 AM-7728 x 5152 1.jpg is similar to /Users/mathiasboe/Projects/runecortex/images-and-video-folder-for-testing/25-01-01-12-27 AM-7728 x 5152 1.jpg
Duplicate detected: /Users/mathiasboe/Projects/runecortex/images-and-video-folder-for-testing/test/25-01-01-12-26 AM-7728 x 5152 2.jpg is similar to /Users/mathiasboe/Projects/runecortex/images-and-video-folder-for-testing/25-01-01-12-26 AM-7728 x 5152 2.jpg
Duplicate detected: /Users/mathiasboe/Projects/runecortex/images-and-video-folder-for-testing/test/25-01-01-12-26 AM-7728 x 5152 3.jpg is similar to /Users/mathiasboe/Projects/runecortex/images-and-video-folder-for-testing/25-01-01-12-26 AM-7728 x 5152 3.jpg
Duplicate detected: /Users/mathiasboe/Projects/runecortex/images-and-video-folder-for-testing/test/25-01-01-12-26 AM-7728 x 5152 1.jpg is similar to /Users/mathiasboe/Projects/runecortex/images-and-video-folder-for-testing/25-01-01-12-26 AM-7728 x 5152 1.jpg
Duplicate detected: /Users/mathiasboe/Projects/runecortex/images-and-video-folder-for-testing/test/25-01-01-12-25 AM-7728 x 5152.jpg is similar to /Users/mathiasboe/Projects/runecortex/images-and-video-folder-for-testing/25-01-01-12-25 AM-7728 x 5152.jpg
Duplicate detected: /Users/mathiasboe/Projects/runecortex/images-and-video-folder-for-testing/test/25-01-01-12-26 AM-7728 x 5152.jpg is similar to /Users/mathiasboe/Projects/runecortex/images-and-video-folder-for-testing/25-01-01-12-26 AM-7728 x 5152.jpg
Performing periodic check for missed files...
Duplicate detected: /Users/mathiasboe/Projects/runecortex/images-and-video-folder-for-testing/test/25-01-01-12-27 AM-7728 x 5152 1.jpg is similar to /Users/mathiasboe/Projects/runecortex/images-and-video-folder-for-testing/25-01-01-12-27 AM-7728 x 5152 1.jpg
Duplicate detected: /Users/mathiasboe/Projects/runecortex/images-and-video-folder-for-testing/test/25-01-01-12-26 AM-7728 x 5152 2.jpg is similar to /Users/mathiasboe/Projects/runecortex/images-and-video-folder-for-testing/25-01-01-12-26 AM-7728 x 5152 2.jpg
Duplicate detected: /Users/mathiasboe/Projects/runecortex/images-and-video-folder-for-testing/test/25-01-01-12-26 AM-7728 x 5152 3.jpg is similar to /Users/mathiasboe/Projects/runecortex/images-and-video-folder-for-testing/25-01-01-12-26 AM-7728 x 5152 3.jpg
Duplicate detected: /Users/mathiasboe/Projects/runecortex/images-and-video-folder-for-testing/test/25-01-01-12-26 AM-7728 x 5152 1.jpg is similar to /Users/mathiasboe/Projects/runecortex/images-and-video-folder-for-testing/25-01-01-12-26 AM-7728 x 5152 1.jpg
Duplicate detected: /Users/mathiasboe/Projects/runecortex/images-and-video-folder-for-testing/test/25-01-01-12-25 AM-7728 x 5152.jpg is similar to /Users/mathiasboe/Projects/runecortex/images-and-video-folder-for-testing/25-01-01-12-25 AM-7728 x 5152.jpg
Duplicate detected: /Users/mathiasboe/Projects/runecortex/images-and-video-folder-for-testing/test/25-01-01-12-26 AM-7728 x 5152.jpg is similar to /Users/mathiasboe/Projects/runecortex/images-and-video-folder-for-testing/25-01-01-12-26 AM-7728 x 5152.jpg
Performing periodic check for missed files...
Duplicate detected: /Users/mathiasboe/Projects/runecortex/images-and-video-folder-for-testing/test/25-01-01-12-27 AM-7728 x 5152 1.jpg is similar to /Users/mathiasboe/Projects/runecortex/images-and-video-folder-for-testing/25-01-01-12-27 AM-7728 x 5152 1.jpg
Duplicate detected: /Users/mathiasboe/Projects/runecortex/images-and-video-folder-for-testing/test/25-01-01-12-26 AM-7728 x 5152 2.jpg is similar to /Users/mathiasboe/Projects/runecortex/images-and-video-folder-for-testing/25-01-01-12-26 AM-7728 x 5152 2.jpg
Duplicate detected: /Users/mathiasboe/Projects/runecortex/images-and-video-folder-for-testing/test/25-01-01-12-26 AM-7728 x 5152 3.jpg is similar to /Users/mathiasboe/Projects/runecortex/images-and-video-folder-for-testing/25-01-01-12-26 AM-7728 x 5152 3.jpg
Duplicate detected: /Users/mathiasboe/Projects/runecortex/images-and-video-folder-for-testing/test/25-01-01-12-26 AM-7728 x 5152 1.jpg is similar to /Users/mathiasboe/Projects/runecortex/images-and-video-folder-for-testing/25-01-01-12-26 AM-7728 x 5152 1.jpg
Duplicate detected: /Users/mathiasboe/Projects/runecortex/images-and-video-folder-for-testing/test/25-01-01-12-25 AM-7728 x 5152.jpg is similar to /Users/mathiasboe/Projects/runecortex/images-and-video-folder-for-testing/25-01-01-12-25 AM-7728 x 5152.jpg
Duplicate detected: /Users/mathiasboe/Projects/runecortex/images-and-video-folder-for-testing/test/25-01-01-12-26 AM-7728 x 5152.jpg is similar to /Users/mathiasboe/Projects/runecortex/images-and-video-folder-for-testing/25-01-01-12-26 AM-7728 x 5152.jpg
Performing periodic check for missed files...
Duplicate detected: /Users/mathiasboe/Projects/runecortex/images-and-video-folder-for-testing/test/25-01-01-12-27 AM-7728 x 5152 1.jpg is similar to /Users/mathiasboe/Projects/runecortex/images-and-video-folder-for-testing/25-01-01-12-27 AM-7728 x 5152 1.jpg
Duplicate detected: /Users/mathiasboe/Projects/runecortex/images-and-video-folder-for-testing/test/25-01-01-12-26 AM-7728 x 5152 2.jpg is similar to /Users/mathiasboe/Projects/runecortex/images-and-video-folder-for-testing/25-01-01-12-26 AM-7728 x 5152 2.jpg
Duplicate detected: /Users/mathiasboe/Projects/runecortex/images-and-video-folder-for-testing/test/25-01-01-12-26 AM-7728 x 5152 3.jpg is similar to /Users/mathiasboe/Projects/runecortex/images-and-video-folder-for-testing/25-01-01-12-26 AM-7728 x 5152 3.jpg
Duplicate detected: /Users/mathiasboe/Projects/runecortex/images-and-video-folder-for-testing/test/25-01-01-12-26 AM-7728 x 5152 1.jpg is similar to /Users/mathiasboe/Projects/runecortex/images-and-video-folder-for-testing/25-01-01-12-26 AM-7728 x 5152 1.jpg
Duplicate detected: /Users/mathiasboe/Projects/runecortex/images-and-video-folder-for-testing/test/25-01-01-12-25 AM-7728 x 5152.jpg is similar to /Users/mathiasboe/Projects/runecortex/images-and-video-folder-for-testing/25-01-01-12-25 AM-7728 x 5152.jpg
Duplicate detected: /Users/mathiasboe/Projects/runecortex/images-and-video-folder-for-testing/test/25-01-01-12-26 AM-7728 x 5152.jpg is similar to /Users/mathiasboe/Projects/runecortex/images-and-video-folder-for-testing/25-01-01-12-26 AM-7728 x 5152.jpg
Performing periodic check for missed files...
Duplicate detected: /Users/mathiasboe/Projects/runecortex/images-and-video-folder-for-testing/test/25-01-01-12-27 AM-7728 x 5152 1.jpg is similar to /Users/mathiasboe/Projects/runecortex/images-and-video-folder-for-testing/25-01-01-12-27 AM-7728 x 5152 1.jpg
Duplicate detected: /Users/mathiasboe/Projects/runecortex/images-and-video-folder-for-testing/test/25-01-01-12-26 AM-7728 x 5152 2.jpg is similar to /Users/mathiasboe/Projects/runecortex/images-and-video-folder-for-testing/25-01-01-12-26 AM-7728 x 5152 2.jpg
Duplicate detected: /Users/mathiasboe/Projects/runecortex/images-and-video-folder-for-testing/test/25-01-01-12-26 AM-7728 x 5152 3.jpg is similar to /Users/mathiasboe/Projects/runecortex/images-and-video-folder-for-testing/25-01-01-12-26 AM-7728 x 5152 3.jpg
Duplicate detected: /Users/mathiasboe/Projects/runecortex/images-and-video-folder-for-testing/test/25-01-01-12-26 AM-7728 x 5152 1.jpg is similar to /Users/mathiasboe/Projects/runecortex/images-and-video-folder-for-testing/25-01-01-12-26 AM-7728 x 5152 1.jpg
Duplicate detected: /Users/mathiasboe/Projects/runecortex/images-and-video-folder-for-testing/test/25-01-01-12-25 AM-7728 x 5152.jpg is similar to /Users/mathiasboe/Projects/runecortex/images-and-video-folder-for-testing/25-01-01-12-25 AM-7728 x 5152.jpg
Duplicate detected: /Users/mathiasboe/Projects/runecortex/images-and-video-folder-for-testing/test/25-01-01-12-26 AM-7728 x 5152.jpg is similar to /Users/mathiasboe/Projects/runecortex/images-and-video-folder-for-testing/25-01-01-12-26 AM-7728 x 5152.jpg
Performing periodic check for missed files...
Duplicate detected: /Users/mathiasboe/Projects/runecortex/images-and-video-folder-for-testing/test/25-01-01-12-27 AM-7728 x 5152 1.jpg is similar to /Users/mathiasboe/Projects/runecortex/images-and-video-folder-for-testing/25-01-01-12-27 AM-7728 x 5152 1.jpg
Duplicate detected: /Users/mathiasboe/Projects/runecortex/images-and-video-folder-for-testing/test/25-01-01-12-26 AM-7728 x 5152 2.jpg is similar to /Users/mathiasboe/Projects/runecortex/images-and-video-folder-for-testing/25-01-01-12-26 AM-7728 x 5152 2.jpg
Duplicate detected: /Users/mathiasboe/Projects/runecortex/images-and-video-folder-for-testing/test/25-01-01-12-26 AM-7728 x 5152 3.jpg is similar to /Users/mathiasboe/Projects/runecortex/images-and-video-folder-for-testing/25-01-01-12-26 AM-7728 x 5152 3.jpg
Duplicate detected: /Users/mathiasboe/Projects/runecortex/images-and-video-folder-for-testing/test/25-01-01-12-26 AM-7728 x 5152 1.jpg is similar to /Users/mathiasboe/Projects/runecortex/images-and-video-folder-for-testing/25-01-01-12-26 AM-7728 x 5152 1.jpg
Duplicate detected: /Users/mathiasboe/Projects/runecortex/images-and-video-folder-for-testing/test/25-01-01-12-25 AM-7728 x 5152.jpg is similar to /Users/mathiasboe/Projects/runecortex/images-and-video-folder-for-testing/25-01-01-12-25 AM-7728 x 5152.jpg
Duplicate detected: /Users/mathiasboe/Projects/runecortex/images-and-video-folder-for-testing/test/25-01-01-12-26 AM-7728 x 5152.jpg is similar to /Users/mathiasboe/Projects/runecortex/images-and-video-folder-for-testing/25-01-01-12-26 AM-7728 x 5152.jpg
Performing periodic check for missed files...
Duplicate detected: /Users/mathiasboe/Projects/runecortex/images-and-video-folder-for-testing/test/25-01-01-12-27 AM-7728 x 5152 1.jpg is similar to /Users/mathiasboe/Projects/runecortex/images-and-video-folder-for-testing/25-01-01-12-27 AM-7728 x 5152 1.jpg
Duplicate detected: /Users/mathiasboe/Projects/runecortex/images-and-video-folder-for-testing/test/25-01-01-12-26 AM-7728 x 5152 2.jpg is similar to /Users/mathiasboe/Projects/runecortex/images-and-video-folder-for-testing/25-01-01-12-26 AM-7728 x 5152 2.jpg
Duplicate detected: /Users/mathiasboe/Projects/runecortex/images-and-video-folder-for-testing/test/25-01-01-12-26 AM-7728 x 5152 3.jpg is similar to /Users/mathiasboe/Projects/runecortex/images-and-video-folder-for-testing/25-01-01-12-26 AM-7728 x 5152 3.jpg
Duplicate detected: /Users/mathiasboe/Projects/runecortex/images-and-video-folder-for-testing/test/25-01-01-12-26 AM-7728 x 5152 1.jpg is similar to /Users/mathiasboe/Projects/runecortex/images-and-video-folder-for-testing/25-01-01-12-26 AM-7728 x 5152 1.jpg
Duplicate detected: /Users/mathiasboe/Projects/runecortex/images-and-video-folder-for-testing/test/25-01-01-12-25 AM-7728 x 5152.jpg is similar to /Users/mathiasboe/Projects/runecortex/images-and-video-folder-for-testing/25-01-01-12-25 AM-7728 x 5152.jpg
Duplicate detected: /Users/mathiasboe/Projects/runecortex/images-and-video-folder-for-testing/test/25-01-01-12-26 AM-7728 x 5152.jpg is similar to /Users/mathiasboe/Projects/runecortex/images-and-video-folder-for-testing/25-01-01-12-26 AM-7728 x 5152.jpg
Performing periodic check for missed files...
Duplicate detected: /Users/mathiasboe/Projects/runecortex/images-and-video-folder-for-testing/test/25-01-01-12-27 AM-7728 x 5152 1.jpg is similar to /Users/mathiasboe/Projects/runecortex/images-and-video-folder-for-testing/25-01-01-12-27 AM-7728 x 5152 1.jpg
Duplicate detected: /Users/mathiasboe/Projects/runecortex/images-and-video-folder-for-testing/test/25-01-01-12-26 AM-7728 x 5152 2.jpg is similar to /Users/mathiasboe/Projects/runecortex/images-and-video-folder-for-testing/25-01-01-12-26 AM-7728 x 5152 2.jpg
Duplicate detected: /Users/mathiasboe/Projects/runecortex/images-and-video-folder-for-testing/test/25-01-01-12-26 AM-7728 x 5152 3.jpg is similar to /Users/mathiasboe/Projects/runecortex/images-and-video-folder-for-testing/25-01-01-12-26 AM-7728 x 5152 3.jpg
Duplicate detected: /Users/mathiasboe/Projects/runecortex/images-and-video-folder-for-testing/test/25-01-01-12-26 AM-7728 x 5152 1.jpg is similar to /Users/mathiasboe/Projects/runecortex/images-and-video-folder-for-testing/25-01-01-12-26 AM-7728 x 5152 1.jpg
Duplicate detected: /Users/mathiasboe/Projects/runecortex/images-and-video-folder-for-testing/test/25-01-01-12-25 AM-7728 x 5152.jpg is similar to /Users/mathiasboe/Projects/runecortex/images-and-video-folder-for-testing/25-01-01-12-25 AM-7728 x 5152.jpg
Duplicate detected: /Users/mathiasboe/Projects/runecortex/images-and-video-folder-for-testing/test/25-01-01-12-26 AM-7728 x 5152.jpg is similar to /Users/mathiasboe/Projects/runecortex/images-and-video-folder-for-testing/25-01-01-12-26 AM-7728 x 5152.jpg
Performing periodic check for missed files...
Duplicate detected: /Users/mathiasboe/Projects/runecortex/images-and-video-folder-for-testing/test/25-01-01-12-27 AM-7728 x 5152 1.jpg is similar to /Users/mathiasboe/Projects/runecortex/images-and-video-folder-for-testing/25-01-01-12-27 AM-7728 x 5152 1.jpg
Duplicate detected: /Users/mathiasboe/Projects/runecortex/images-and-video-folder-for-testing/test/25-01-01-12-26 AM-7728 x 5152 2.jpg is similar to /Users/mathiasboe/Projects/runecortex/images-and-video-folder-for-testing/25-01-01-12-26 AM-7728 x 5152 2.jpg
Duplicate detected: /Users/mathiasboe/Projects/runecortex/images-and-video-folder-for-testing/test/25-01-01-12-26 AM-7728 x 5152 3.jpg is similar to /Users/mathiasboe/Projects/runecortex/images-and-video-folder-for-testing/25-01-01-12-26 AM-7728 x 5152 3.jpg
Duplicate detected: /Users/mathiasboe/Projects/runecortex/images-and-video-folder-for-testing/test/25-01-01-12-26 AM-7728 x 5152 1.jpg is similar to /Users/mathiasboe/Projects/runecortex/images-and-video-folder-for-testing/25-01-01-12-26 AM-7728 x 5152 1.jpg
Duplicate detected: /Users/mathiasboe/Projects/runecortex/images-and-video-folder-for-testing/test/25-01-01-12-25 AM-7728 x 5152.jpg is similar to /Users/mathiasboe/Projects/runecortex/images-and-video-folder-for-testing/25-01-01-12-25 AM-7728 x 5152.jpg
Duplicate detected: /Users/mathiasboe/Projects/runecortex/images-and-video-folder-for-testing/test/25-01-01-12-26 AM-7728 x 5152.jpg is similar to /Users/mathiasboe/Projects/runecortex/images-and-video-folder-for-testing/25-01-01-12-26 AM-7728 x 5152.jpg
Performing periodic check for missed files...
Duplicate detected: /Users/mathiasboe/Projects/runecortex/images-and-video-folder-for-testing/test/25-01-01-12-27 AM-7728 x 5152 1.jpg is similar to /Users/mathiasboe/Projects/runecortex/images-and-video-folder-for-testing/25-01-01-12-27 AM-7728 x 5152 1.jpg
Duplicate detected: /Users/mathiasboe/Projects/runecortex/images-and-video-folder-for-testing/test/25-01-01-12-26 AM-7728 x 5152 2.jpg is similar to /Users/mathiasboe/Projects/runecortex/images-and-video-folder-for-testing/25-01-01-12-26 AM-7728 x 5152 2.jpg
Duplicate detected: /Users/mathiasboe/Projects/runecortex/images-and-video-folder-for-testing/test/25-01-01-12-26 AM-7728 x 5152 3.jpg is similar to /Users/mathiasboe/Projects/runecortex/images-and-video-folder-for-testing/25-01-01-12-26 AM-7728 x 5152 3.jpg
Duplicate detected: /Users/mathiasboe/Projects/runecortex/images-and-video-folder-for-testing/test/25-01-01-12-26 AM-7728 x 5152 1.jpg is similar to /Users/mathiasboe/Projects/runecortex/images-and-video-folder-for-testing/25-01-01-12-26 AM-7728 x 5152 1.jpg
Duplicate detected: /Users/mathiasboe/Projects/runecortex/images-and-video-folder-for-testing/test/25-01-01-12-25 AM-7728 x 5152.jpg is similar to /Users/mathiasboe/Projects/runecortex/images-and-video-folder-for-testing/25-01-01-12-25 AM-7728 x 5152.jpg
Duplicate detected: /Users/mathiasboe/Projects/runecortex/images-and-video-folder-for-testing/test/25-01-01-12-26 AM-7728 x 5152.jpg is similar to /Users/mathiasboe/Projects/runecortex/images-and-video-folder-for-testing/25-01-01-12-26 AM-7728 x 5152.jpg
Performing periodic check for missed files...
Duplicate detected: /Users/mathiasboe/Projects/runecortex/images-and-video-folder-for-testing/test/25-01-01-12-27 AM-7728 x 5152 1.jpg is similar to /Users/mathiasboe/Projects/runecortex/images-and-video-folder-for-testing/25-01-01-12-27 AM-7728 x 5152 1.jpg
Duplicate detected: /Users/mathiasboe/Projects/runecortex/images-and-video-folder-for-testing/test/25-01-01-12-26 AM-7728 x 5152 2.jpg is similar to /Users/mathiasboe/Projects/runecortex/images-and-video-folder-for-testing/25-01-01-12-26 AM-7728 x 5152 2.jpg
Duplicate detected: /Users/mathiasboe/Projects/runecortex/images-and-video-folder-for-testing/test/25-01-01-12-26 AM-7728 x 5152 3.jpg is similar to /Users/mathiasboe/Projects/runecortex/images-and-video-folder-for-testing/25-01-01-12-26 AM-7728 x 5152 3.jpg
Duplicate detected: /Users/mathiasboe/Projects/runecortex/images-and-video-folder-for-testing/test/25-01-01-12-26 AM-7728 x 5152 1.jpg is similar to /Users/mathiasboe/Projects/runecortex/images-and-video-folder-for-testing/25-01-01-12-26 AM-7728 x 5152 1.jpg
Duplicate detected: /Users/mathiasboe/Projects/runecortex/images-and-video-folder-for-testing/test/25-01-01-12-25 AM-7728 x 5152.jpg is similar to /Users/mathiasboe/Projects/runecortex/images-and-video-folder-for-testing/25-01-01-12-25 AM-7728 x 5152.jpg
Duplicate detected: /Users/mathiasboe/Projects/runecortex/images-and-video-folder-for-testing/test/25-01-01-12-26 AM-7728 x 5152.jpg is similar to /Users/mathiasboe/Projects/runecortex/images-and-video-folder-for-testing/25-01-01-12-26 AM-7728 x 5152.jpg
Performing periodic check for missed files...
Duplicate detected: /Users/mathiasboe/Projects/runecortex/images-and-video-folder-for-testing/test/25-01-01-12-27 AM-7728 x 5152 1.jpg is similar to /Users/mathiasboe/Projects/runecortex/images-and-video-folder-for-testing/25-01-01-12-27 AM-7728 x 5152 1.jpg
Duplicate detected: /Users/mathiasboe/Projects/runecortex/images-and-video-folder-for-testing/test/25-01-01-12-26 AM-7728 x 5152 2.jpg is similar to /Users/mathiasboe/Projects/runecortex/images-and-video-folder-for-testing/25-01-01-12-26 AM-7728 x 5152 2.jpg
Duplicate detected: /Users/mathiasboe/Projects/runecortex/images-and-video-folder-for-testing/test/25-01-01-12-26 AM-7728 x 5152 3.jpg is similar to /Users/mathiasboe/Projects/runecortex/images-and-video-folder-for-testing/25-01-01-12-26 AM-7728 x 5152 3.jpg
Duplicate detected: /Users/mathiasboe/Projects/runecortex/images-and-video-folder-for-testing/test/25-01-01-12-26 AM-7728 x 5152 1.jpg is similar to /Users/mathiasboe/Projects/runecortex/images-and-video-folder-for-testing/25-01-01-12-26 AM-7728 x 5152 1.jpg
Duplicate detected: /Users/mathiasboe/Projects/runecortex/images-and-video-folder-for-testing/test/25-01-01-12-25 AM-7728 x 5152.jpg is similar to /Users/mathiasboe/Projects/runecortex/images-and-video-folder-for-testing/25-01-01-12-25 AM-7728 x 5152.jpg
Duplicate detected: /Users/mathiasboe/Projects/runecortex/images-and-video-folder-for-testing/test/25-01-01-12-26 AM-7728 x 5152.jpg is similar to /Users/mathiasboe/Projects/runecortex/images-and-video-folder-for-testing/25-01-01-12-26 AM-7728 x 5152.jpg
Performing periodic check for missed files...
Duplicate detected: /Users/mathiasboe/Projects/runecortex/images-and-video-folder-for-testing/test/25-01-01-12-27 AM-7728 x 5152 1.jpg is similar to /Users/mathiasboe/Projects/runecortex/images-and-video-folder-for-testing/25-01-01-12-27 AM-7728 x 5152 1.jpg
Duplicate detected: /Users/mathiasboe/Projects/runecortex/images-and-video-folder-for-testing/test/25-01-01-12-26 AM-7728 x 5152 2.jpg is similar to /Users/mathiasboe/Projects/runecortex/images-and-video-folder-for-testing/25-01-01-12-26 AM-7728 x 5152 2.jpg
Duplicate detected: /Users/mathiasboe/Projects/runecortex/images-and-video-folder-for-testing/test/25-01-01-12-26 AM-7728 x 5152 3.jpg is similar to /Users/mathiasboe/Projects/runecortex/images-and-video-folder-for-testing/25-01-01-12-26 AM-7728 x 5152 3.jpg
Duplicate detected: /Users/mathiasboe/Projects/runecortex/images-and-video-folder-for-testing/test/25-01-01-12-26 AM-7728 x 5152 1.jpg is similar to /Users/mathiasboe/Projects/runecortex/images-and-video-folder-for-testing/25-01-01-12-26 AM-7728 x 5152 1.jpg
Duplicate detected: /Users/mathiasboe/Projects/runecortex/images-and-video-folder-for-testing/test/25-01-01-12-25 AM-7728 x 5152.jpg is similar to /Users/mathiasboe/Projects/runecortex/images-and-video-folder-for-testing/25-01-01-12-25 AM-7728 x 5152.jpg
Duplicate detected: /Users/mathiasboe/Projects/runecortex/images-and-video-folder-for-testing/test/25-01-01-12-26 AM-7728 x 5152.jpg is similar to /Users/mathiasboe/Projects/runecortex/images-and-video-folder-for-testing/25-01-01-12-26 AM-7728 x 5152.jpg
Performing periodic check for missed files...
Duplicate detected: /Users/mathiasboe/Projects/runecortex/images-and-video-folder-for-testing/test/25-01-01-12-27 AM-7728 x 5152 1.jpg is similar to /Users/mathiasboe/Projects/runecortex/images-and-video-folder-for-testing/25-01-01-12-27 AM-7728 x 5152 1.jpg
Duplicate detected: /Users/mathiasboe/Projects/runecortex/images-and-video-folder-for-testing/test/25-01-01-12-26 AM-7728 x 5152 2.jpg is similar to /Users/mathiasboe/Projects/runecortex/images-and-video-folder-for-testing/25-01-01-12-26 AM-7728 x 5152 2.jpg
Duplicate detected: /Users/mathiasboe/Projects/runecortex/images-and-video-folder-for-testing/test/25-01-01-12-26 AM-7728 x 5152 3.jpg is similar to /Users/mathiasboe/Projects/runecortex/images-and-video-folder-for-testing/25-01-01-12-26 AM-7728 x 5152 3.jpg
Duplicate detected: /Users/mathiasboe/Projects/runecortex/images-and-video-folder-for-testing/test/25-01-01-12-26 AM-7728 x 5152 1.jpg is similar to /Users/mathiasboe/Projects/runecortex/images-and-video-folder-for-testing/25-01-01-12-26 AM-7728 x 5152 1.jpg
Duplicate detected: /Users/mathiasboe/Projects/runecortex/images-and-video-folder-for-testing/test/25-01-01-12-25 AM-7728 x 5152.jpg is similar to /Users/mathiasboe/Projects/runecortex/images-and-video-folder-for-testing/25-01-01-12-25 AM-7728 x 5152.jpg
Duplicate detected: /Users/mathiasboe/Projects/runecortex/images-and-video-folder-for-testing/test/25-01-01-12-26 AM-7728 x 5152.jpg is similar to /Users/mathiasboe/Projects/runecortex/images-and-video-folder-for-testing/25-01-01-12-26 AM-7728 x 5152.jpg
Performing periodic check for missed files...
Duplicate detected: /Users/mathiasboe/Projects/runecortex/images-and-video-folder-for-testing/test/25-01-01-12-27 AM-7728 x 5152 1.jpg is similar to /Users/mathiasboe/Projects/runecortex/images-and-video-folder-for-testing/25-01-01-12-27 AM-7728 x 5152 1.jpg
Duplicate detected: /Users/mathiasboe/Projects/runecortex/images-and-video-folder-for-testing/test/25-01-01-12-26 AM-7728 x 5152 2.jpg is similar to /Users/mathiasboe/Projects/runecortex/images-and-video-folder-for-testing/25-01-01-12-26 AM-7728 x 5152 2.jpg
Duplicate detected: /Users/mathiasboe/Projects/runecortex/images-and-video-folder-for-testing/test/25-01-01-12-26 AM-7728 x 5152 3.jpg is similar to /Users/mathiasboe/Projects/runecortex/images-and-video-folder-for-testing/25-01-01-12-26 AM-7728 x 5152 3.jpg
Duplicate detected: /Users/mathiasboe/Projects/runecortex/images-and-video-folder-for-testing/test/25-01-01-12-26 AM-7728 x 5152 1.jpg is similar to /Users/mathiasboe/Projects/runecortex/images-and-video-folder-for-testing/25-01-01-12-26 AM-7728 x 5152 1.jpg
Duplicate detected: /Users/mathiasboe/Projects/runecortex/images-and-video-folder-for-testing/test/25-01-01-12-25 AM-7728 x 5152.jpg is similar to /Users/mathiasboe/Projects/runecortex/images-and-video-folder-for-testing/25-01-01-12-25 AM-7728 x 5152.jpg
Duplicate detected: /Users/mathiasboe/Projects/runecortex/images-and-video-folder-for-testing/test/25-01-01-12-26 AM-7728 x 5152.jpg is similar to /Users/mathiasboe/Projects/runecortex/images-and-video-folder-for-testing/25-01-01-12-26 AM-7728 x 5152.jpg
Performing periodic check for missed files...
Duplicate detected: /Users/mathiasboe/Projects/runecortex/images-and-video-folder-for-testing/test/25-01-01-12-27 AM-7728 x 5152 1.jpg is similar to /Users/mathiasboe/Projects/runecortex/images-and-video-folder-for-testing/25-01-01-12-27 AM-7728 x 5152 1.jpg
Duplicate detected: /Users/mathiasboe/Projects/runecortex/images-and-video-folder-for-testing/test/25-01-01-12-26 AM-7728 x 5152 2.jpg is similar to /Users/mathiasboe/Projects/runecortex/images-and-video-folder-for-testing/25-01-01-12-26 AM-7728 x 5152 2.jpg
Duplicate detected: /Users/mathiasboe/Projects/runecortex/images-and-video-folder-for-testing/test/25-01-01-12-26 AM-7728 x 5152 3.jpg is similar to /Users/mathiasboe/Projects/runecortex/images-and-video-folder-for-testing/25-01-01-12-26 AM-7728 x 5152 3.jpg
Duplicate detected: /Users/mathiasboe/Projects/runecortex/images-and-video-folder-for-testing/test/25-01-01-12-26 AM-7728 x 5152 1.jpg is similar to /Users/mathiasboe/Projects/runecortex/images-and-video-folder-for-testing/25-01-01-12-26 AM-7728 x 5152 1.jpg
Duplicate detected: /Users/mathiasboe/Projects/runecortex/images-and-video-folder-for-testing/test/25-01-01-12-25 AM-7728 x 5152.jpg is similar to /Users/mathiasboe/Projects/runecortex/images-and-video-folder-for-testing/25-01-01-12-25 AM-7728 x 5152.jpg
Duplicate detected: /Users/mathiasboe/Projects/runecortex/images-and-video-folder-for-testing/test/25-01-01-12-26 AM-7728 x 5152.jpg is similar to /Users/mathiasboe/Projects/runecortex/images-and-video-folder-for-testing/25-01-01-12-26 AM-7728 x 5152.jpg
Performing periodic check for missed files...
Duplicate detected: /Users/mathiasboe/Projects/runecortex/images-and-video-folder-for-testing/test/25-01-01-12-27 AM-7728 x 5152 1.jpg is similar to /Users/mathiasboe/Projects/runecortex/images-and-video-folder-for-testing/25-01-01-12-27 AM-7728 x 5152 1.jpg
Duplicate detected: /Users/mathiasboe/Projects/runecortex/images-and-video-folder-for-testing/test/25-01-01-12-26 AM-7728 x 5152 2.jpg is similar to /Users/mathiasboe/Projects/runecortex/images-and-video-folder-for-testing/25-01-01-12-26 AM-7728 x 5152 2.jpg
Duplicate detected: /Users/mathiasboe/Projects/runecortex/images-and-video-folder-for-testing/test/25-01-01-12-26 AM-7728 x 5152 3.jpg is similar to /Users/mathiasboe/Projects/runecortex/images-and-video-folder-for-testing/25-01-01-12-26 AM-7728 x 5152 3.jpg
Duplicate detected: /Users/mathiasboe/Projects/runecortex/images-and-video-folder-for-testing/test/25-01-01-12-26 AM-7728 x 5152 1.jpg is similar to /Users/mathiasboe/Projects/runecortex/images-and-video-folder-for-testing/25-01-01-12-26 AM-7728 x 5152 1.jpg
Duplicate detected: /Users/mathiasboe/Projects/runecortex/images-and-video-folder-for-testing/test/25-01-01-12-25 AM-7728 x 5152.jpg is similar to /Users/mathiasboe/Projects/runecortex/images-and-video-folder-for-testing/25-01-01-12-25 AM-7728 x 5152.jpg
Duplicate detected: /Users/mathiasboe/Projects/runecortex/images-and-video-folder-for-testing/test/25-01-01-12-26 AM-7728 x 5152.jpg is similar to /Users/mathiasboe/Projects/runecortex/images-and-video-folder-for-testing/25-01-01-12-26 AM-7728 x 5152.jpg
Performing periodic check for missed files...
Duplicate detected: /Users/mathiasboe/Projects/runecortex/images-and-video-folder-for-testing/test/25-01-01-12-27 AM-7728 x 5152 1.jpg is similar to /Users/mathiasboe/Projects/runecortex/images-and-video-folder-for-testing/25-01-01-12-27 AM-7728 x 5152 1.jpg
Duplicate detected: /Users/mathiasboe/Projects/runecortex/images-and-video-folder-for-testing/test/25-01-01-12-26 AM-7728 x 5152 2.jpg is similar to /Users/mathiasboe/Projects/runecortex/images-and-video-folder-for-testing/25-01-01-12-26 AM-7728 x 5152 2.jpg
Duplicate detected: /Users/mathiasboe/Projects/runecortex/images-and-video-folder-for-testing/test/25-01-01-12-26 AM-7728 x 5152 3.jpg is similar to /Users/mathiasboe/Projects/runecortex/images-and-video-folder-for-testing/25-01-01-12-26 AM-7728 x 5152 3.jpg
Duplicate detected: /Users/mathiasboe/Projects/runecortex/images-and-video-folder-for-testing/test/25-01-01-12-26 AM-7728 x 5152 1.jpg is similar to /Users/mathiasboe/Projects/runecortex/images-and-video-folder-for-testing/25-01-01-12-26 AM-7728 x 5152 1.jpg
Duplicate detected: /Users/mathiasboe/Projects/runecortex/images-and-video-folder-for-testing/test/25-01-01-12-25 AM-7728 x 5152.jpg is similar to /Users/mathiasboe/Projects/runecortex/images-and-video-folder-for-testing/25-01-01-12-25 AM-7728 x 5152.jpg
Duplicate detected: /Users/mathiasboe/Projects/runecortex/images-and-video-folder-for-testing/test/25-01-01-12-26 AM-7728 x 5152.jpg is similar to /Users/mathiasboe/Projects/runecortex/images-and-video-folder-for-testing/25-01-01-12-26 AM-7728 x 5152.jpg
Performing periodic check for missed files...
Duplicate detected: /Users/mathiasboe/Projects/runecortex/images-and-video-folder-for-testing/test/25-01-01-12-27 AM-7728 x 5152 1.jpg is similar to /Users/mathiasboe/Projects/runecortex/images-and-video-folder-for-testing/25-01-01-12-27 AM-7728 x 5152 1.jpg
Duplicate detected: /Users/mathiasboe/Projects/runecortex/images-and-video-folder-for-testing/test/25-01-01-12-26 AM-7728 x 5152 2.jpg is similar to /Users/mathiasboe/Projects/runecortex/images-and-video-folder-for-testing/25-01-01-12-26 AM-7728 x 5152 2.jpg
Duplicate detected: /Users/mathiasboe/Projects/runecortex/images-and-video-folder-for-testing/test/25-01-01-12-26 AM-7728 x 5152 3.jpg is similar to /Users/mathiasboe/Projects/runecortex/images-and-video-folder-for-testing/25-01-01-12-26 AM-7728 x 5152 3.jpg
Duplicate detected: /Users/mathiasboe/Projects/runecortex/images-and-video-folder-for-testing/test/25-01-01-12-26 AM-7728 x 5152 1.jpg is similar to /Users/mathiasboe/Projects/runecortex/images-and-video-folder-for-testing/25-01-01-12-26 AM-7728 x 5152 1.jpg
Duplicate detected: /Users/mathiasboe/Projects/runecortex/images-and-video-folder-for-testing/test/25-01-01-12-25 AM-7728 x 5152.jpg is similar to /Users/mathiasboe/Projects/runecortex/images-and-video-folder-for-testing/25-01-01-12-25 AM-7728 x 5152.jpg
Duplicate detected: /Users/mathiasboe/Projects/runecortex/images-and-video-folder-for-testing/test/25-01-01-12-26 AM-7728 x 5152.jpg is similar to /Users/mathiasboe/Projects/runecortex/images-and-video-folder-for-testing/25-01-01-12-26 AM-7728 x 5152.jpg
Performing periodic check for missed files...
Duplicate detected: /Users/mathiasboe/Projects/runecortex/images-and-video-folder-for-testing/test/25-01-01-12-27 AM-7728 x 5152 1.jpg is similar to /Users/mathiasboe/Projects/runecortex/images-and-video-folder-for-testing/25-01-01-12-27 AM-7728 x 5152 1.jpg
Duplicate detected: /Users/mathiasboe/Projects/runecortex/images-and-video-folder-for-testing/test/25-01-01-12-26 AM-7728 x 5152 2.jpg is similar to /Users/mathiasboe/Projects/runecortex/images-and-video-folder-for-testing/25-01-01-12-26 AM-7728 x 5152 2.jpg
Duplicate detected: /Users/mathiasboe/Projects/runecortex/images-and-video-folder-for-testing/test/25-01-01-12-26 AM-7728 x 5152 3.jpg is similar to /Users/mathiasboe/Projects/runecortex/images-and-video-folder-for-testing/25-01-01-12-26 AM-7728 x 5152 3.jpg
Duplicate detected: /Users/mathiasboe/Projects/runecortex/images-and-video-folder-for-testing/test/25-01-01-12-26 AM-7728 x 5152 1.jpg is similar to /Users/mathiasboe/Projects/runecortex/images-and-video-folder-for-testing/25-01-01-12-26 AM-7728 x 5152 1.jpg
Duplicate detected: /Users/mathiasboe/Projects/runecortex/images-and-video-folder-for-testing/test/25-01-01-12-25 AM-7728 x 5152.jpg is similar to /Users/mathiasboe/Projects/runecortex/images-and-video-folder-for-testing/25-01-01-12-25 AM-7728 x 5152.jpg
Duplicate detected: /Users/mathiasboe/Projects/runecortex/images-and-video-folder-for-testing/test/25-01-01-12-26 AM-7728 x 5152.jpg is similar to /Users/mathiasboe/Projects/runecortex/images-and-video-folder-for-testing/25-01-01-12-26 AM-7728 x 5152.jpg
Performing periodic check for missed files...
Duplicate detected: /Users/mathiasboe/Projects/runecortex/images-and-video-folder-for-testing/test/25-01-01-12-27 AM-7728 x 5152 1.jpg is similar to /Users/mathiasboe/Projects/runecortex/images-and-video-folder-for-testing/25-01-01-12-27 AM-7728 x 5152 1.jpg
Duplicate detected: /Users/mathiasboe/Projects/runecortex/images-and-video-folder-for-testing/test/25-01-01-12-26 AM-7728 x 5152 2.jpg is similar to /Users/mathiasboe/Projects/runecortex/images-and-video-folder-for-testing/25-01-01-12-26 AM-7728 x 5152 2.jpg
Duplicate detected: /Users/mathiasboe/Projects/runecortex/images-and-video-folder-for-testing/test/25-01-01-12-26 AM-7728 x 5152 3.jpg is similar to /Users/mathiasboe/Projects/runecortex/images-and-video-folder-for-testing/25-01-01-12-26 AM-7728 x 5152 3.jpg
Duplicate detected: /Users/mathiasboe/Projects/runecortex/images-and-video-folder-for-testing/test/25-01-01-12-26 AM-7728 x 5152 1.jpg is similar to /Users/mathiasboe/Projects/runecortex/images-and-video-folder-for-testing/25-01-01-12-26 AM-7728 x 5152 1.jpg
Duplicate detected: /Users/mathiasboe/Projects/runecortex/images-and-video-folder-for-testing/test/25-01-01-12-25 AM-7728 x 5152.jpg is similar to /Users/mathiasboe/Projects/runecortex/images-and-video-folder-for-testing/25-01-01-12-25 AM-7728 x 5152.jpg
Duplicate detected: /Users/mathiasboe/Projects/runecortex/images-and-video-folder-for-testing/test/25-01-01-12-26 AM-7728 x 5152.jpg is similar to /Users/mathiasboe/Projects/runecortex/images-and-video-folder-for-testing/25-01-01-12-26 AM-7728 x 5152.jpg
Performing periodic check for missed files...
Duplicate detected: /Users/mathiasboe/Projects/runecortex/images-and-video-folder-for-testing/test/25-01-01-12-27 AM-7728 x 5152 1.jpg is similar to /Users/mathiasboe/Projects/runecortex/images-and-video-folder-for-testing/25-01-01-12-27 AM-7728 x 5152 1.jpg
Duplicate detected: /Users/mathiasboe/Projects/runecortex/images-and-video-folder-for-testing/test/25-01-01-12-26 AM-7728 x 5152 2.jpg is similar to /Users/mathiasboe/Projects/runecortex/images-and-video-folder-for-testing/25-01-01-12-26 AM-7728 x 5152 2.jpg
Duplicate detected: /Users/mathiasboe/Projects/runecortex/images-and-video-folder-for-testing/test/25-01-01-12-26 AM-7728 x 5152 3.jpg is similar to /Users/mathiasboe/Projects/runecortex/images-and-video-folder-for-testing/25-01-01-12-26 AM-7728 x 5152 3.jpg
Duplicate detected: /Users/mathiasboe/Projects/runecortex/images-and-video-folder-for-testing/test/25-01-01-12-26 AM-7728 x 5152 1.jpg is similar to /Users/mathiasboe/Projects/runecortex/images-and-video-folder-for-testing/25-01-01-12-26 AM-7728 x 5152 1.jpg
Duplicate detected: /Users/mathiasboe/Projects/runecortex/images-and-video-folder-for-testing/test/25-01-01-12-25 AM-7728 x 5152.jpg is similar to /Users/mathiasboe/Projects/runecortex/images-and-video-folder-for-testing/25-01-01-12-25 AM-7728 x 5152.jpg
Duplicate detected: /Users/mathiasboe/Projects/runecortex/images-and-video-folder-for-testing/test/25-01-01-12-26 AM-7728 x 5152.jpg is similar to /Users/mathiasboe/Projects/runecortex/images-and-video-folder-for-testing/25-01-01-12-26 AM-7728 x 5152.jpg
Performing periodic check for missed files...
Duplicate detected: /Users/mathiasboe/Projects/runecortex/images-and-video-folder-for-testing/test/25-01-01-12-27 AM-7728 x 5152 1.jpg is similar to /Users/mathiasboe/Projects/runecortex/images-and-video-folder-for-testing/25-01-01-12-27 AM-7728 x 5152 1.jpg
Duplicate detected: /Users/mathiasboe/Projects/runecortex/images-and-video-folder-for-testing/test/25-01-01-12-26 AM-7728 x 5152 2.jpg is similar to /Users/mathiasboe/Projects/runecortex/images-and-video-folder-for-testing/25-01-01-12-26 AM-7728 x 5152 2.jpg
Duplicate detected: /Users/mathiasboe/Projects/runecortex/images-and-video-folder-for-testing/test/25-01-01-12-26 AM-7728 x 5152 3.jpg is similar to /Users/mathiasboe/Projects/runecortex/images-and-video-folder-for-testing/25-01-01-12-26 AM-7728 x 5152 3.jpg
Duplicate detected: /Users/mathiasboe/Projects/runecortex/images-and-video-folder-for-testing/test/25-01-01-12-26 AM-7728 x 5152 1.jpg is similar to /Users/mathiasboe/Projects/runecortex/images-and-video-folder-for-testing/25-01-01-12-26 AM-7728 x 5152 1.jpg
Duplicate detected: /Users/mathiasboe/Projects/runecortex/images-and-video-folder-for-testing/test/25-01-01-12-25 AM-7728 x 5152.jpg is similar to /Users/mathiasboe/Projects/runecortex/images-and-video-folder-for-testing/25-01-01-12-25 AM-7728 x 5152.jpg
Duplicate detected: /Users/mathiasboe/Projects/runecortex/images-and-video-folder-for-testing/test/25-01-01-12-26 AM-7728 x 5152.jpg is similar to /Users/mathiasboe/Projects/runecortex/images-and-video-folder-for-testing/25-01-01-12-26 AM-7728 x 5152.jpg
Performing periodic check for missed files...
Duplicate detected: /Users/mathiasboe/Projects/runecortex/images-and-video-folder-for-testing/test/25-01-01-12-27 AM-7728 x 5152 1.jpg is similar to /Users/mathiasboe/Projects/runecortex/images-and-video-folder-for-testing/25-01-01-12-27 AM-7728 x 5152 1.jpg
Duplicate detected: /Users/mathiasboe/Projects/runecortex/images-and-video-folder-for-testing/test/25-01-01-12-26 AM-7728 x 5152 2.jpg is similar to /Users/mathiasboe/Projects/runecortex/images-and-video-folder-for-testing/25-01-01-12-26 AM-7728 x 5152 2.jpg
Duplicate detected: /Users/mathiasboe/Projects/runecortex/images-and-video-folder-for-testing/test/25-01-01-12-26 AM-7728 x 5152 3.jpg is similar to /Users/mathiasboe/Projects/runecortex/images-and-video-folder-for-testing/25-01-01-12-26 AM-7728 x 5152 3.jpg
Duplicate detected: /Users/mathiasboe/Projects/runecortex/images-and-video-folder-for-testing/test/25-01-01-12-26 AM-7728 x 5152 1.jpg is similar to /Users/mathiasboe/Projects/runecortex/images-and-video-folder-for-testing/25-01-01-12-26 AM-7728 x 5152 1.jpg
Duplicate detected: /Users/mathiasboe/Projects/runecortex/images-and-video-folder-for-testing/test/25-01-01-12-25 AM-7728 x 5152.jpg is similar to /Users/mathiasboe/Projects/runecortex/images-and-video-folder-for-testing/25-01-01-12-25 AM-7728 x 5152.jpg
Duplicate detected: /Users/mathiasboe/Projects/runecortex/images-and-video-folder-for-testing/test/25-01-01-12-26 AM-7728 x 5152.jpg is similar to /Users/mathiasboe/Projects/runecortex/images-and-video-folder-for-testing/25-01-01-12-26 AM-7728 x 5152.jpg
Performing periodic check for missed files...
Duplicate detected: /Users/mathiasboe/Projects/runecortex/images-and-video-folder-for-testing/test/25-01-01-12-27 AM-7728 x 5152 1.jpg is similar to /Users/mathiasboe/Projects/runecortex/images-and-video-folder-for-testing/25-01-01-12-27 AM-7728 x 5152 1.jpg
Duplicate detected: /Users/mathiasboe/Projects/runecortex/images-and-video-folder-for-testing/test/25-01-01-12-26 AM-7728 x 5152 2.jpg is similar to /Users/mathiasboe/Projects/runecortex/images-and-video-folder-for-testing/25-01-01-12-26 AM-7728 x 5152 2.jpg
Duplicate detected: /Users/mathiasboe/Projects/runecortex/images-and-video-folder-for-testing/test/25-01-01-12-26 AM-7728 x 5152 3.jpg is similar to /Users/mathiasboe/Projects/runecortex/images-and-video-folder-for-testing/25-01-01-12-26 AM-7728 x 5152 3.jpg
Duplicate detected: /Users/mathiasboe/Projects/runecortex/images-and-video-folder-for-testing/test/25-01-01-12-26 AM-7728 x 5152 1.jpg is similar to /Users/mathiasboe/Projects/runecortex/images-and-video-folder-for-testing/25-01-01-12-26 AM-7728 x 5152 1.jpg
Duplicate detected: /Users/mathiasboe/Projects/runecortex/images-and-video-folder-for-testing/test/25-01-01-12-25 AM-7728 x 5152.jpg is similar to /Users/mathiasboe/Projects/runecortex/images-and-video-folder-for-testing/25-01-01-12-25 AM-7728 x 5152.jpg
Duplicate detected: /Users/mathiasboe/Projects/runecortex/images-and-video-folder-for-testing/test/25-01-01-12-26 AM-7728 x 5152.jpg is similar to /Users/mathiasboe/Projects/runecortex/images-and-video-folder-for-testing/25-01-01-12-26 AM-7728 x 5152.jpg
Updated streaming folder: 2 items (currently playing: null)
Performing periodic check for missed files...
Duplicate detected: /Users/mathiasboe/Projects/runecortex/images-and-video-folder-for-testing/test/25-01-01-12-27 AM-7728 x 5152 1.jpg is similar to /Users/mathiasboe/Projects/runecortex/images-and-video-folder-for-testing/25-01-01-12-27 AM-7728 x 5152 1.jpg
Duplicate detected: /Users/mathiasboe/Projects/runecortex/images-and-video-folder-for-testing/test/25-01-01-12-26 AM-7728 x 5152 2.jpg is similar to /Users/mathiasboe/Projects/runecortex/images-and-video-folder-for-testing/25-01-01-12-26 AM-7728 x 5152 2.jpg
Duplicate detected: /Users/mathiasboe/Projects/runecortex/images-and-video-folder-for-testing/test/25-01-01-12-26 AM-7728 x 5152 3.jpg is similar to /Users/mathiasboe/Projects/runecortex/images-and-video-folder-for-testing/25-01-01-12-26 AM-7728 x 5152 3.jpg
Duplicate detected: /Users/mathiasboe/Projects/runecortex/images-and-video-folder-for-testing/test/25-01-01-12-26 AM-7728 x 5152 1.jpg is similar to /Users/mathiasboe/Projects/runecortex/images-and-video-folder-for-testing/25-01-01-12-26 AM-7728 x 5152 1.jpg
Duplicate detected: /Users/mathiasboe/Projects/runecortex/images-and-video-folder-for-testing/test/25-01-01-12-25 AM-7728 x 5152.jpg is similar to /Users/mathiasboe/Projects/runecortex/images-and-video-folder-for-testing/25-01-01-12-25 AM-7728 x 5152.jpg
Duplicate detected: /Users/mathiasboe/Projects/runecortex/images-and-video-folder-for-testing/test/25-01-01-12-26 AM-7728 x 5152.jpg is similar to /Users/mathiasboe/Projects/runecortex/images-and-video-folder-for-testing/25-01-01-12-26 AM-7728 x 5152.jpg
Performing periodic check for missed files...
Duplicate detected: /Users/mathiasboe/Projects/runecortex/images-and-video-folder-for-testing/test/25-01-01-12-27 AM-7728 x 5152 1.jpg is similar to /Users/mathiasboe/Projects/runecortex/images-and-video-folder-for-testing/25-01-01-12-27 AM-7728 x 5152 1.jpg
Duplicate detected: /Users/mathiasboe/Projects/runecortex/images-and-video-folder-for-testing/test/25-01-01-12-26 AM-7728 x 5152 2.jpg is similar to /Users/mathiasboe/Projects/runecortex/images-and-video-folder-for-testing/25-01-01-12-26 AM-7728 x 5152 2.jpg
Duplicate detected: /Users/mathiasboe/Projects/runecortex/images-and-video-folder-for-testing/test/25-01-01-12-26 AM-7728 x 5152 3.jpg is similar to /Users/mathiasboe/Projects/runecortex/images-and-video-folder-for-testing/25-01-01-12-26 AM-7728 x 5152 3.jpg
Duplicate detected: /Users/mathiasboe/Projects/runecortex/images-and-video-folder-for-testing/test/25-01-01-12-26 AM-7728 x 5152 1.jpg is similar to /Users/mathiasboe/Projects/runecortex/images-and-video-folder-for-testing/25-01-01-12-26 AM-7728 x 5152 1.jpg
Duplicate detected: /Users/mathiasboe/Projects/runecortex/images-and-video-folder-for-testing/test/25-01-01-12-25 AM-7728 x 5152.jpg is similar to /Users/mathiasboe/Projects/runecortex/images-and-video-folder-for-testing/25-01-01-12-25 AM-7728 x 5152.jpg
Duplicate detected: /Users/mathiasboe/Projects/runecortex/images-and-video-folder-for-testing/test/25-01-01-12-26 AM-7728 x 5152.jpg is similar to /Users/mathiasboe/Projects/runecortex/images-and-video-folder-for-testing/25-01-01-12-26 AM-7728 x 5152.jpg
Performing periodic check for missed files...
Duplicate detected: /Users/mathiasboe/Projects/runecortex/images-and-video-folder-for-testing/test/25-01-01-12-27 AM-7728 x 5152 1.jpg is similar to /Users/mathiasboe/Projects/runecortex/images-and-video-folder-for-testing/25-01-01-12-27 AM-7728 x 5152 1.jpg
Duplicate detected: /Users/mathiasboe/Projects/runecortex/images-and-video-folder-for-testing/test/25-01-01-12-26 AM-7728 x 5152 2.jpg is similar to /Users/mathiasboe/Projects/runecortex/images-and-video-folder-for-testing/25-01-01-12-26 AM-7728 x 5152 2.jpg
Duplicate detected: /Users/mathiasboe/Projects/runecortex/images-and-video-folder-for-testing/test/25-01-01-12-26 AM-7728 x 5152 3.jpg is similar to /Users/mathiasboe/Projects/runecortex/images-and-video-folder-for-testing/25-01-01-12-26 AM-7728 x 5152 3.jpg
Duplicate detected: /Users/mathiasboe/Projects/runecortex/images-and-video-folder-for-testing/test/25-01-01-12-26 AM-7728 x 5152 1.jpg is similar to /Users/mathiasboe/Projects/runecortex/images-and-video-folder-for-testing/25-01-01-12-26 AM-7728 x 5152 1.jpg
Duplicate detected: /Users/mathiasboe/Projects/runecortex/images-and-video-folder-for-testing/test/25-01-01-12-25 AM-7728 x 5152.jpg is similar to /Users/mathiasboe/Projects/runecortex/images-and-video-folder-for-testing/25-01-01-12-25 AM-7728 x 5152.jpg
Duplicate detected: /Users/mathiasboe/Projects/runecortex/images-and-video-folder-for-testing/test/25-01-01-12-26 AM-7728 x 5152.jpg is similar to /Users/mathiasboe/Projects/runecortex/images-and-video-folder-for-testing/25-01-01-12-26 AM-7728 x 5152.jpg
Performing periodic check for missed files...
Duplicate detected: /Users/mathiasboe/Projects/runecortex/images-and-video-folder-for-testing/test/25-01-01-12-27 AM-7728 x 5152 1.jpg is similar to /Users/mathiasboe/Projects/runecortex/images-and-video-folder-for-testing/25-01-01-12-27 AM-7728 x 5152 1.jpg
Duplicate detected: /Users/mathiasboe/Projects/runecortex/images-and-video-folder-for-testing/test/25-01-01-12-26 AM-7728 x 5152 2.jpg is similar to /Users/mathiasboe/Projects/runecortex/images-and-video-folder-for-testing/25-01-01-12-26 AM-7728 x 5152 2.jpg
Duplicate detected: /Users/mathiasboe/Projects/runecortex/images-and-video-folder-for-testing/test/25-01-01-12-26 AM-7728 x 5152 3.jpg is similar to /Users/mathiasboe/Projects/runecortex/images-and-video-folder-for-testing/25-01-01-12-26 AM-7728 x 5152 3.jpg
Duplicate detected: /Users/mathiasboe/Projects/runecortex/images-and-video-folder-for-testing/test/25-01-01-12-26 AM-7728 x 5152 1.jpg is similar to /Users/mathiasboe/Projects/runecortex/images-and-video-folder-for-testing/25-01-01-12-26 AM-7728 x 5152 1.jpg
Duplicate detected: /Users/mathiasboe/Projects/runecortex/images-and-video-folder-for-testing/test/25-01-01-12-25 AM-7728 x 5152.jpg is similar to /Users/mathiasboe/Projects/runecortex/images-and-video-folder-for-testing/25-01-01-12-25 AM-7728 x 5152.jpg
Duplicate detected: /Users/mathiasboe/Projects/runecortex/images-and-video-folder-for-testing/test/25-01-01-12-26 AM-7728 x 5152.jpg is similar to /Users/mathiasboe/Projects/runecortex/images-and-video-folder-for-testing/25-01-01-12-26 AM-7728 x 5152.jpg
Performing periodic check for missed files...
Duplicate detected: /Users/mathiasboe/Projects/runecortex/images-and-video-folder-for-testing/test/25-01-01-12-27 AM-7728 x 5152 1.jpg is similar to /Users/mathiasboe/Projects/runecortex/images-and-video-folder-for-testing/25-01-01-12-27 AM-7728 x 5152 1.jpg
Duplicate detected: /Users/mathiasboe/Projects/runecortex/images-and-video-folder-for-testing/test/25-01-01-12-26 AM-7728 x 5152 2.jpg is similar to /Users/mathiasboe/Projects/runecortex/images-and-video-folder-for-testing/25-01-01-12-26 AM-7728 x 5152 2.jpg
Duplicate detected: /Users/mathiasboe/Projects/runecortex/images-and-video-folder-for-testing/test/25-01-01-12-26 AM-7728 x 5152 3.jpg is similar to /Users/mathiasboe/Projects/runecortex/images-and-video-folder-for-testing/25-01-01-12-26 AM-7728 x 5152 3.jpg
Duplicate detected: /Users/mathiasboe/Projects/runecortex/images-and-video-folder-for-testing/test/25-01-01-12-26 AM-7728 x 5152 1.jpg is similar to /Users/mathiasboe/Projects/runecortex/images-and-video-folder-for-testing/25-01-01-12-26 AM-7728 x 5152 1.jpg
Duplicate detected: /Users/mathiasboe/Projects/runecortex/images-and-video-folder-for-testing/test/25-01-01-12-25 AM-7728 x 5152.jpg is similar to /Users/mathiasboe/Projects/runecortex/images-and-video-folder-for-testing/25-01-01-12-25 AM-7728 x 5152.jpg
Duplicate detected: /Users/mathiasboe/Projects/runecortex/images-and-video-folder-for-testing/test/25-01-01-12-26 AM-7728 x 5152.jpg is similar to /Users/mathiasboe/Projects/runecortex/images-and-video-folder-for-testing/25-01-01-12-26 AM-7728 x 5152.jpg
Performing periodic check for missed files...
Duplicate detected: /Users/mathiasboe/Projects/runecortex/images-and-video-folder-for-testing/test/25-01-01-12-27 AM-7728 x 5152 1.jpg is similar to /Users/mathiasboe/Projects/runecortex/images-and-video-folder-for-testing/25-01-01-12-27 AM-7728 x 5152 1.jpg
Duplicate detected: /Users/mathiasboe/Projects/runecortex/images-and-video-folder-for-testing/test/25-01-01-12-26 AM-7728 x 5152 2.jpg is similar to /Users/mathiasboe/Projects/runecortex/images-and-video-folder-for-testing/25-01-01-12-26 AM-7728 x 5152 2.jpg
Duplicate detected: /Users/mathiasboe/Projects/runecortex/images-and-video-folder-for-testing/test/25-01-01-12-26 AM-7728 x 5152 3.jpg is similar to /Users/mathiasboe/Projects/runecortex/images-and-video-folder-for-testing/25-01-01-12-26 AM-7728 x 5152 3.jpg
Duplicate detected: /Users/mathiasboe/Projects/runecortex/images-and-video-folder-for-testing/test/25-01-01-12-26 AM-7728 x 5152 1.jpg is similar to /Users/mathiasboe/Projects/runecortex/images-and-video-folder-for-testing/25-01-01-12-26 AM-7728 x 5152 1.jpg
Duplicate detected: /Users/mathiasboe/Projects/runecortex/images-and-video-folder-for-testing/test/25-01-01-12-25 AM-7728 x 5152.jpg is similar to /Users/mathiasboe/Projects/runecortex/images-and-video-folder-for-testing/25-01-01-12-25 AM-7728 x 5152.jpg
Duplicate detected: /Users/mathiasboe/Projects/runecortex/images-and-video-folder-for-testing/test/25-01-01-12-26 AM-7728 x 5152.jpg is similar to /Users/mathiasboe/Projects/runecortex/images-and-video-folder-for-testing/25-01-01-12-26 AM-7728 x 5152.jpg
Performing periodic check for missed files...
Duplicate detected: /Users/mathiasboe/Projects/runecortex/images-and-video-folder-for-testing/test/25-01-01-12-27 AM-7728 x 5152 1.jpg is similar to /Users/mathiasboe/Projects/runecortex/images-and-video-folder-for-testing/25-01-01-12-27 AM-7728 x 5152 1.jpg
Duplicate detected: /Users/mathiasboe/Projects/runecortex/images-and-video-folder-for-testing/test/25-01-01-12-26 AM-7728 x 5152 2.jpg is similar to /Users/mathiasboe/Projects/runecortex/images-and-video-folder-for-testing/25-01-01-12-26 AM-7728 x 5152 2.jpg
Duplicate detected: /Users/mathiasboe/Projects/runecortex/images-and-video-folder-for-testing/test/25-01-01-12-26 AM-7728 x 5152 3.jpg is similar to /Users/mathiasboe/Projects/runecortex/images-and-video-folder-for-testing/25-01-01-12-26 AM-7728 x 5152 3.jpg
Duplicate detected: /Users/mathiasboe/Projects/runecortex/images-and-video-folder-for-testing/test/25-01-01-12-26 AM-7728 x 5152 1.jpg is similar to /Users/mathiasboe/Projects/runecortex/images-and-video-folder-for-testing/25-01-01-12-26 AM-7728 x 5152 1.jpg
Duplicate detected: /Users/mathiasboe/Projects/runecortex/images-and-video-folder-for-testing/test/25-01-01-12-25 AM-7728 x 5152.jpg is similar to /Users/mathiasboe/Projects/runecortex/images-and-video-folder-for-testing/25-01-01-12-25 AM-7728 x 5152.jpg
Duplicate detected: /Users/mathiasboe/Projects/runecortex/images-and-video-folder-for-testing/test/25-01-01-12-26 AM-7728 x 5152.jpg is similar to /Users/mathiasboe/Projects/runecortex/images-and-video-folder-for-testing/25-01-01-12-26 AM-7728 x 5152.jpg
Performing periodic check for missed files...
Duplicate detected: /Users/mathiasboe/Projects/runecortex/images-and-video-folder-for-testing/test/25-01-01-12-27 AM-7728 x 5152 1.jpg is similar to /Users/mathiasboe/Projects/runecortex/images-and-video-folder-for-testing/25-01-01-12-27 AM-7728 x 5152 1.jpg
Duplicate detected: /Users/mathiasboe/Projects/runecortex/images-and-video-folder-for-testing/test/25-01-01-12-26 AM-7728 x 5152 2.jpg is similar to /Users/mathiasboe/Projects/runecortex/images-and-video-folder-for-testing/25-01-01-12-26 AM-7728 x 5152 2.jpg
Duplicate detected: /Users/mathiasboe/Projects/runecortex/images-and-video-folder-for-testing/test/25-01-01-12-26 AM-7728 x 5152 3.jpg is similar to /Users/mathiasboe/Projects/runecortex/images-and-video-folder-for-testing/25-01-01-12-26 AM-7728 x 5152 3.jpg
Duplicate detected: /Users/mathiasboe/Projects/runecortex/images-and-video-folder-for-testing/test/25-01-01-12-26 AM-7728 x 5152 1.jpg is similar to /Users/mathiasboe/Projects/runecortex/images-and-video-folder-for-testing/25-01-01-12-26 AM-7728 x 5152 1.jpg
Duplicate detected: /Users/mathiasboe/Projects/runecortex/images-and-video-folder-for-testing/test/25-01-01-12-25 AM-7728 x 5152.jpg is similar to /Users/mathiasboe/Projects/runecortex/images-and-video-folder-for-testing/25-01-01-12-25 AM-7728 x 5152.jpg
Duplicate detected: /Users/mathiasboe/Projects/runecortex/images-and-video-folder-for-testing/test/25-01-01-12-26 AM-7728 x 5152.jpg is similar to /Users/mathiasboe/Projects/runecortex/images-and-video-folder-for-testing/25-01-01-12-26 AM-7728 x 5152.jpg
Performing periodic check for missed files...
Duplicate detected: /Users/mathiasboe/Projects/runecortex/images-and-video-folder-for-testing/test/25-01-01-12-27 AM-7728 x 5152 1.jpg is similar to /Users/mathiasboe/Projects/runecortex/images-and-video-folder-for-testing/25-01-01-12-27 AM-7728 x 5152 1.jpg
Duplicate detected: /Users/mathiasboe/Projects/runecortex/images-and-video-folder-for-testing/test/25-01-01-12-26 AM-7728 x 5152 2.jpg is similar to /Users/mathiasboe/Projects/runecortex/images-and-video-folder-for-testing/25-01-01-12-26 AM-7728 x 5152 2.jpg
Duplicate detected: /Users/mathiasboe/Projects/runecortex/images-and-video-folder-for-testing/test/25-01-01-12-26 AM-7728 x 5152 3.jpg is similar to /Users/mathiasboe/Projects/runecortex/images-and-video-folder-for-testing/25-01-01-12-26 AM-7728 x 5152 3.jpg
Duplicate detected: /Users/mathiasboe/Projects/runecortex/images-and-video-folder-for-testing/test/25-01-01-12-26 AM-7728 x 5152 1.jpg is similar to /Users/mathiasboe/Projects/runecortex/images-and-video-folder-for-testing/25-01-01-12-26 AM-7728 x 5152 1.jpg
Duplicate detected: /Users/mathiasboe/Projects/runecortex/images-and-video-folder-for-testing/test/25-01-01-12-25 AM-7728 x 5152.jpg is similar to /Users/mathiasboe/Projects/runecortex/images-and-video-folder-for-testing/25-01-01-12-25 AM-7728 x 5152.jpg
Duplicate detected: /Users/mathiasboe/Projects/runecortex/images-and-video-folder-for-testing/test/25-01-01-12-26 AM-7728 x 5152.jpg is similar to /Users/mathiasboe/Projects/runecortex/images-and-video-folder-for-testing/25-01-01-12-26 AM-7728 x 5152.jpg
Performing periodic check for missed files...
Duplicate detected: /Users/mathiasboe/Projects/runecortex/images-and-video-folder-for-testing/test/25-01-01-12-27 AM-7728 x 5152 1.jpg is similar to /Users/mathiasboe/Projects/runecortex/images-and-video-folder-for-testing/25-01-01-12-27 AM-7728 x 5152 1.jpg
Duplicate detected: /Users/mathiasboe/Projects/runecortex/images-and-video-folder-for-testing/test/25-01-01-12-26 AM-7728 x 5152 2.jpg is similar to /Users/mathiasboe/Projects/runecortex/images-and-video-folder-for-testing/25-01-01-12-26 AM-7728 x 5152 2.jpg
Duplicate detected: /Users/mathiasboe/Projects/runecortex/images-and-video-folder-for-testing/test/25-01-01-12-26 AM-7728 x 5152 3.jpg is similar to /Users/mathiasboe/Projects/runecortex/images-and-video-folder-for-testing/25-01-01-12-26 AM-7728 x 5152 3.jpg
Duplicate detected: /Users/mathiasboe/Projects/runecortex/images-and-video-folder-for-testing/test/25-01-01-12-26 AM-7728 x 5152 1.jpg is similar to /Users/mathiasboe/Projects/runecortex/images-and-video-folder-for-testing/25-01-01-12-26 AM-7728 x 5152 1.jpg
Duplicate detected: /Users/mathiasboe/Projects/runecortex/images-and-video-folder-for-testing/test/25-01-01-12-25 AM-7728 x 5152.jpg is similar to /Users/mathiasboe/Projects/runecortex/images-and-video-folder-for-testing/25-01-01-12-25 AM-7728 x 5152.jpg
Duplicate detected: /Users/mathiasboe/Projects/runecortex/images-and-video-folder-for-testing/test/25-01-01-12-26 AM-7728 x 5152.jpg is similar to /Users/mathiasboe/Projects/runecortex/images-and-video-folder-for-testing/25-01-01-12-26 AM-7728 x 5152.jpg
Performing periodic check for missed files...
Duplicate detected: /Users/mathiasboe/Projects/runecortex/images-and-video-folder-for-testing/test/25-01-01-12-27 AM-7728 x 5152 1.jpg is similar to /Users/mathiasboe/Projects/runecortex/images-and-video-folder-for-testing/25-01-01-12-27 AM-7728 x 5152 1.jpg
Duplicate detected: /Users/mathiasboe/Projects/runecortex/images-and-video-folder-for-testing/test/25-01-01-12-26 AM-7728 x 5152 2.jpg is similar to /Users/mathiasboe/Projects/runecortex/images-and-video-folder-for-testing/25-01-01-12-26 AM-7728 x 5152 2.jpg
Duplicate detected: /Users/mathiasboe/Projects/runecortex/images-and-video-folder-for-testing/test/25-01-01-12-26 AM-7728 x 5152 3.jpg is similar to /Users/mathiasboe/Projects/runecortex/images-and-video-folder-for-testing/25-01-01-12-26 AM-7728 x 5152 3.jpg
Duplicate detected: /Users/mathiasboe/Projects/runecortex/images-and-video-folder-for-testing/test/25-01-01-12-26 AM-7728 x 5152 1.jpg is similar to /Users/mathiasboe/Projects/runecortex/images-and-video-folder-for-testing/25-01-01-12-26 AM-7728 x 5152 1.jpg
Duplicate detected: /Users/mathiasboe/Projects/runecortex/images-and-video-folder-for-testing/test/25-01-01-12-25 AM-7728 x 5152.jpg is similar to /Users/mathiasboe/Projects/runecortex/images-and-video-folder-for-testing/25-01-01-12-25 AM-7728 x 5152.jpg
Duplicate detected: /Users/mathiasboe/Projects/runecortex/images-and-video-folder-for-testing/test/25-01-01-12-26 AM-7728 x 5152.jpg is similar to /Users/mathiasboe/Projects/runecortex/images-and-video-folder-for-testing/25-01-01-12-26 AM-7728 x 5152.jpg
Performing periodic check for missed files...
Duplicate detected: /Users/mathiasboe/Projects/runecortex/images-and-video-folder-for-testing/test/25-01-01-12-27 AM-7728 x 5152 1.jpg is similar to /Users/mathiasboe/Projects/runecortex/images-and-video-folder-for-testing/25-01-01-12-27 AM-7728 x 5152 1.jpg
Duplicate detected: /Users/mathiasboe/Projects/runecortex/images-and-video-folder-for-testing/test/25-01-01-12-26 AM-7728 x 5152 2.jpg is similar to /Users/mathiasboe/Projects/runecortex/images-and-video-folder-for-testing/25-01-01-12-26 AM-7728 x 5152 2.jpg
Duplicate detected: /Users/mathiasboe/Projects/runecortex/images-and-video-folder-for-testing/test/25-01-01-12-26 AM-7728 x 5152 3.jpg is similar to /Users/mathiasboe/Projects/runecortex/images-and-video-folder-for-testing/25-01-01-12-26 AM-7728 x 5152 3.jpg
Duplicate detected: /Users/mathiasboe/Projects/runecortex/images-and-video-folder-for-testing/test/25-01-01-12-26 AM-7728 x 5152 1.jpg is similar to /Users/mathiasboe/Projects/runecortex/images-and-video-folder-for-testing/25-01-01-12-26 AM-7728 x 5152 1.jpg
Duplicate detected: /Users/mathiasboe/Projects/runecortex/images-and-video-folder-for-testing/test/25-01-01-12-25 AM-7728 x 5152.jpg is similar to /Users/mathiasboe/Projects/runecortex/images-and-video-folder-for-testing/25-01-01-12-25 AM-7728 x 5152.jpg
Duplicate detected: /Users/mathiasboe/Projects/runecortex/images-and-video-folder-for-testing/test/25-01-01-12-26 AM-7728 x 5152.jpg is similar to /Users/mathiasboe/Projects/runecortex/images-and-video-folder-for-testing/25-01-01-12-26 AM-7728 x 5152.jpg
Performing periodic check for missed files...
Duplicate detected: /Users/mathiasboe/Projects/runecortex/images-and-video-folder-for-testing/test/25-01-01-12-27 AM-7728 x 5152 1.jpg is similar to /Users/mathiasboe/Projects/runecortex/images-and-video-folder-for-testing/25-01-01-12-27 AM-7728 x 5152 1.jpg
Duplicate detected: /Users/mathiasboe/Projects/runecortex/images-and-video-folder-for-testing/test/25-01-01-12-26 AM-7728 x 5152 2.jpg is similar to /Users/mathiasboe/Projects/runecortex/images-and-video-folder-for-testing/25-01-01-12-26 AM-7728 x 5152 2.jpg
Duplicate detected: /Users/mathiasboe/Projects/runecortex/images-and-video-folder-for-testing/test/25-01-01-12-26 AM-7728 x 5152 3.jpg is similar to /Users/mathiasboe/Projects/runecortex/images-and-video-folder-for-testing/25-01-01-12-26 AM-7728 x 5152 3.jpg
Duplicate detected: /Users/mathiasboe/Projects/runecortex/images-and-video-folder-for-testing/test/25-01-01-12-26 AM-7728 x 5152 1.jpg is similar to /Users/mathiasboe/Projects/runecortex/images-and-video-folder-for-testing/25-01-01-12-26 AM-7728 x 5152 1.jpg
Duplicate detected: /Users/mathiasboe/Projects/runecortex/images-and-video-folder-for-testing/test/25-01-01-12-25 AM-7728 x 5152.jpg is similar to /Users/mathiasboe/Projects/runecortex/images-and-video-folder-for-testing/25-01-01-12-25 AM-7728 x 5152.jpg
Duplicate detected: /Users/mathiasboe/Projects/runecortex/images-and-video-folder-for-testing/test/25-01-01-12-26 AM-7728 x 5152.jpg is similar to /Users/mathiasboe/Projects/runecortex/images-and-video-folder-for-testing/25-01-01-12-26 AM-7728 x 5152.jpg
Performing periodic check for missed files...
Duplicate detected: /Users/mathiasboe/Projects/runecortex/images-and-video-folder-for-testing/test/25-01-01-12-27 AM-7728 x 5152 1.jpg is similar to /Users/mathiasboe/Projects/runecortex/images-and-video-folder-for-testing/25-01-01-12-27 AM-7728 x 5152 1.jpg
Duplicate detected: /Users/mathiasboe/Projects/runecortex/images-and-video-folder-for-testing/test/25-01-01-12-26 AM-7728 x 5152 2.jpg is similar to /Users/mathiasboe/Projects/runecortex/images-and-video-folder-for-testing/25-01-01-12-26 AM-7728 x 5152 2.jpg
Duplicate detected: /Users/mathiasboe/Projects/runecortex/images-and-video-folder-for-testing/test/25-01-01-12-26 AM-7728 x 5152 3.jpg is similar to /Users/mathiasboe/Projects/runecortex/images-and-video-folder-for-testing/25-01-01-12-26 AM-7728 x 5152 3.jpg
Duplicate detected: /Users/mathiasboe/Projects/runecortex/images-and-video-folder-for-testing/test/25-01-01-12-26 AM-7728 x 5152 1.jpg is similar to /Users/mathiasboe/Projects/runecortex/images-and-video-folder-for-testing/25-01-01-12-26 AM-7728 x 5152 1.jpg
Duplicate detected: /Users/mathiasboe/Projects/runecortex/images-and-video-folder-for-testing/test/25-01-01-12-25 AM-7728 x 5152.jpg is similar to /Users/mathiasboe/Projects/runecortex/images-and-video-folder-for-testing/25-01-01-12-25 AM-7728 x 5152.jpg
Duplicate detected: /Users/mathiasboe/Projects/runecortex/images-and-video-folder-for-testing/test/25-01-01-12-26 AM-7728 x 5152.jpg is similar to /Users/mathiasboe/Projects/runecortex/images-and-video-folder-for-testing/25-01-01-12-26 AM-7728 x 5152.jpg
Performing periodic check for missed files...
Duplicate detected: /Users/mathiasboe/Projects/runecortex/images-and-video-folder-for-testing/test/25-01-01-12-27 AM-7728 x 5152 1.jpg is similar to /Users/mathiasboe/Projects/runecortex/images-and-video-folder-for-testing/25-01-01-12-27 AM-7728 x 5152 1.jpg
Duplicate detected: /Users/mathiasboe/Projects/runecortex/images-and-video-folder-for-testing/test/25-01-01-12-26 AM-7728 x 5152 2.jpg is similar to /Users/mathiasboe/Projects/runecortex/images-and-video-folder-for-testing/25-01-01-12-26 AM-7728 x 5152 2.jpg
Duplicate detected: /Users/mathiasboe/Projects/runecortex/images-and-video-folder-for-testing/test/25-01-01-12-26 AM-7728 x 5152 3.jpg is similar to /Users/mathiasboe/Projects/runecortex/images-and-video-folder-for-testing/25-01-01-12-26 AM-7728 x 5152 3.jpg
Duplicate detected: /Users/mathiasboe/Projects/runecortex/images-and-video-folder-for-testing/test/25-01-01-12-26 AM-7728 x 5152 1.jpg is similar to /Users/mathiasboe/Projects/runecortex/images-and-video-folder-for-testing/25-01-01-12-26 AM-7728 x 5152 1.jpg
Duplicate detected: /Users/mathiasboe/Projects/runecortex/images-and-video-folder-for-testing/test/25-01-01-12-25 AM-7728 x 5152.jpg is similar to /Users/mathiasboe/Projects/runecortex/images-and-video-folder-for-testing/25-01-01-12-25 AM-7728 x 5152.jpg
Duplicate detected: /Users/mathiasboe/Projects/runecortex/images-and-video-folder-for-testing/test/25-01-01-12-26 AM-7728 x 5152.jpg is similar to /Users/mathiasboe/Projects/runecortex/images-and-video-folder-for-testing/25-01-01-12-26 AM-7728 x 5152.jpg
Performing periodic check for missed files...
Duplicate detected: /Users/mathiasboe/Projects/runecortex/images-and-video-folder-for-testing/test/25-01-01-12-27 AM-7728 x 5152 1.jpg is similar to /Users/mathiasboe/Projects/runecortex/images-and-video-folder-for-testing/25-01-01-12-27 AM-7728 x 5152 1.jpg
Duplicate detected: /Users/mathiasboe/Projects/runecortex/images-and-video-folder-for-testing/test/25-01-01-12-26 AM-7728 x 5152 2.jpg is similar to /Users/mathiasboe/Projects/runecortex/images-and-video-folder-for-testing/25-01-01-12-26 AM-7728 x 5152 2.jpg
Duplicate detected: /Users/mathiasboe/Projects/runecortex/images-and-video-folder-for-testing/test/25-01-01-12-26 AM-7728 x 5152 3.jpg is similar to /Users/mathiasboe/Projects/runecortex/images-and-video-folder-for-testing/25-01-01-12-26 AM-7728 x 5152 3.jpg
Duplicate detected: /Users/mathiasboe/Projects/runecortex/images-and-video-folder-for-testing/test/25-01-01-12-26 AM-7728 x 5152 1.jpg is similar to /Users/mathiasboe/Projects/runecortex/images-and-video-folder-for-testing/25-01-01-12-26 AM-7728 x 5152 1.jpg
Duplicate detected: /Users/mathiasboe/Projects/runecortex/images-and-video-folder-for-testing/test/25-01-01-12-25 AM-7728 x 5152.jpg is similar to /Users/mathiasboe/Projects/runecortex/images-and-video-folder-for-testing/25-01-01-12-25 AM-7728 x 5152.jpg
Duplicate detected: /Users/mathiasboe/Projects/runecortex/images-and-video-folder-for-testing/test/25-01-01-12-26 AM-7728 x 5152.jpg is similar to /Users/mathiasboe/Projects/runecortex/images-and-video-folder-for-testing/25-01-01-12-26 AM-7728 x 5152.jpg
Performing periodic check for missed files...
Duplicate detected: /Users/mathiasboe/Projects/runecortex/images-and-video-folder-for-testing/test/25-01-01-12-27 AM-7728 x 5152 1.jpg is similar to /Users/mathiasboe/Projects/runecortex/images-and-video-folder-for-testing/25-01-01-12-27 AM-7728 x 5152 1.jpg
Duplicate detected: /Users/mathiasboe/Projects/runecortex/images-and-video-folder-for-testing/test/25-01-01-12-26 AM-7728 x 5152 2.jpg is similar to /Users/mathiasboe/Projects/runecortex/images-and-video-folder-for-testing/25-01-01-12-26 AM-7728 x 5152 2.jpg
Duplicate detected: /Users/mathiasboe/Projects/runecortex/images-and-video-folder-for-testing/test/25-01-01-12-26 AM-7728 x 5152 3.jpg is similar to /Users/mathiasboe/Projects/runecortex/images-and-video-folder-for-testing/25-01-01-12-26 AM-7728 x 5152 3.jpg
Duplicate detected: /Users/mathiasboe/Projects/runecortex/images-and-video-folder-for-testing/test/25-01-01-12-26 AM-7728 x 5152 1.jpg is similar to /Users/mathiasboe/Projects/runecortex/images-and-video-folder-for-testing/25-01-01-12-26 AM-7728 x 5152 1.jpg
Duplicate detected: /Users/mathiasboe/Projects/runecortex/images-and-video-folder-for-testing/test/25-01-01-12-25 AM-7728 x 5152.jpg is similar to /Users/mathiasboe/Projects/runecortex/images-and-video-folder-for-testing/25-01-01-12-25 AM-7728 x 5152.jpg
Duplicate detected: /Users/mathiasboe/Projects/runecortex/images-and-video-folder-for-testing/test/25-01-01-12-26 AM-7728 x 5152.jpg is similar to /Users/mathiasboe/Projects/runecortex/images-and-video-folder-for-testing/25-01-01-12-26 AM-7728 x 5152.jpg
Performing periodic check for missed files...
Duplicate detected: /Users/mathiasboe/Projects/runecortex/images-and-video-folder-for-testing/test/25-01-01-12-27 AM-7728 x 5152 1.jpg is similar to /Users/mathiasboe/Projects/runecortex/images-and-video-folder-for-testing/25-01-01-12-27 AM-7728 x 5152 1.jpg
Duplicate detected: /Users/mathiasboe/Projects/runecortex/images-and-video-folder-for-testing/test/25-01-01-12-26 AM-7728 x 5152 2.jpg is similar to /Users/mathiasboe/Projects/runecortex/images-and-video-folder-for-testing/25-01-01-12-26 AM-7728 x 5152 2.jpg
Duplicate detected: /Users/mathiasboe/Projects/runecortex/images-and-video-folder-for-testing/test/25-01-01-12-26 AM-7728 x 5152 3.jpg is similar to /Users/mathiasboe/Projects/runecortex/images-and-video-folder-for-testing/25-01-01-12-26 AM-7728 x 5152 3.jpg
Duplicate detected: /Users/mathiasboe/Projects/runecortex/images-and-video-folder-for-testing/test/25-01-01-12-26 AM-7728 x 5152 1.jpg is similar to /Users/mathiasboe/Projects/runecortex/images-and-video-folder-for-testing/25-01-01-12-26 AM-7728 x 5152 1.jpg
Duplicate detected: /Users/mathiasboe/Projects/runecortex/images-and-video-folder-for-testing/test/25-01-01-12-25 AM-7728 x 5152.jpg is similar to /Users/mathiasboe/Projects/runecortex/images-and-video-folder-for-testing/25-01-01-12-25 AM-7728 x 5152.jpg
Duplicate detected: /Users/mathiasboe/Projects/runecortex/images-and-video-folder-for-testing/test/25-01-01-12-26 AM-7728 x 5152.jpg is similar to /Users/mathiasboe/Projects/runecortex/images-and-video-folder-for-testing/25-01-01-12-26 AM-7728 x 5152.jpg
Performing periodic check for missed files...
Duplicate detected: /Users/mathiasboe/Projects/runecortex/images-and-video-folder-for-testing/test/25-01-01-12-27 AM-7728 x 5152 1.jpg is similar to /Users/mathiasboe/Projects/runecortex/images-and-video-folder-for-testing/25-01-01-12-27 AM-7728 x 5152 1.jpg
Duplicate detected: /Users/mathiasboe/Projects/runecortex/images-and-video-folder-for-testing/test/25-01-01-12-26 AM-7728 x 5152 2.jpg is similar to /Users/mathiasboe/Projects/runecortex/images-and-video-folder-for-testing/25-01-01-12-26 AM-7728 x 5152 2.jpg
Duplicate detected: /Users/mathiasboe/Projects/runecortex/images-and-video-folder-for-testing/test/25-01-01-12-26 AM-7728 x 5152 3.jpg is similar to /Users/mathiasboe/Projects/runecortex/images-and-video-folder-for-testing/25-01-01-12-26 AM-7728 x 5152 3.jpg
Duplicate detected: /Users/mathiasboe/Projects/runecortex/images-and-video-folder-for-testing/test/25-01-01-12-26 AM-7728 x 5152 1.jpg is similar to /Users/mathiasboe/Projects/runecortex/images-and-video-folder-for-testing/25-01-01-12-26 AM-7728 x 5152 1.jpg
Duplicate detected: /Users/mathiasboe/Projects/runecortex/images-and-video-folder-for-testing/test/25-01-01-12-25 AM-7728 x 5152.jpg is similar to /Users/mathiasboe/Projects/runecortex/images-and-video-folder-for-testing/25-01-01-12-25 AM-7728 x 5152.jpg
Duplicate detected: /Users/mathiasboe/Projects/runecortex/images-and-video-folder-for-testing/test/25-01-01-12-26 AM-7728 x 5152.jpg is similar to /Users/mathiasboe/Projects/runecortex/images-and-video-folder-for-testing/25-01-01-12-26 AM-7728 x 5152.jpg
Performing periodic check for missed files...
Duplicate detected: /Users/mathiasboe/Projects/runecortex/images-and-video-folder-for-testing/test/25-01-01-12-27 AM-7728 x 5152 1.jpg is similar to /Users/mathiasboe/Projects/runecortex/images-and-video-folder-for-testing/25-01-01-12-27 AM-7728 x 5152 1.jpg
Duplicate detected: /Users/mathiasboe/Projects/runecortex/images-and-video-folder-for-testing/test/25-01-01-12-26 AM-7728 x 5152 2.jpg is similar to /Users/mathiasboe/Projects/runecortex/images-and-video-folder-for-testing/25-01-01-12-26 AM-7728 x 5152 2.jpg
Duplicate detected: /Users/mathiasboe/Projects/runecortex/images-and-video-folder-for-testing/test/25-01-01-12-26 AM-7728 x 5152 3.jpg is similar to /Users/mathiasboe/Projects/runecortex/images-and-video-folder-for-testing/25-01-01-12-26 AM-7728 x 5152 3.jpg
Duplicate detected: /Users/mathiasboe/Projects/runecortex/images-and-video-folder-for-testing/test/25-01-01-12-26 AM-7728 x 5152 1.jpg is similar to /Users/mathiasboe/Projects/runecortex/images-and-video-folder-for-testing/25-01-01-12-26 AM-7728 x 5152 1.jpg
Duplicate detected: /Users/mathiasboe/Projects/runecortex/images-and-video-folder-for-testing/test/25-01-01-12-25 AM-7728 x 5152.jpg is similar to /Users/mathiasboe/Projects/runecortex/images-and-video-folder-for-testing/25-01-01-12-25 AM-7728 x 5152.jpg
Duplicate detected: /Users/mathiasboe/Projects/runecortex/images-and-video-folder-for-testing/test/25-01-01-12-26 AM-7728 x 5152.jpg is similar to /Users/mathiasboe/Projects/runecortex/images-and-video-folder-for-testing/25-01-01-12-26 AM-7728 x 5152.jpg
Performing periodic check for missed files...
Duplicate detected: /Users/mathiasboe/Projects/runecortex/images-and-video-folder-for-testing/test/25-01-01-12-27 AM-7728 x 5152 1.jpg is similar to /Users/mathiasboe/Projects/runecortex/images-and-video-folder-for-testing/25-01-01-12-27 AM-7728 x 5152 1.jpg
Duplicate detected: /Users/mathiasboe/Projects/runecortex/images-and-video-folder-for-testing/test/25-01-01-12-26 AM-7728 x 5152 2.jpg is similar to /Users/mathiasboe/Projects/runecortex/images-and-video-folder-for-testing/25-01-01-12-26 AM-7728 x 5152 2.jpg
Duplicate detected: /Users/mathiasboe/Projects/runecortex/images-and-video-folder-for-testing/test/25-01-01-12-26 AM-7728 x 5152 3.jpg is similar to /Users/mathiasboe/Projects/runecortex/images-and-video-folder-for-testing/25-01-01-12-26 AM-7728 x 5152 3.jpg
Duplicate detected: /Users/mathiasboe/Projects/runecortex/images-and-video-folder-for-testing/test/25-01-01-12-26 AM-7728 x 5152 1.jpg is similar to /Users/mathiasboe/Projects/runecortex/images-and-video-folder-for-testing/25-01-01-12-26 AM-7728 x 5152 1.jpg
Duplicate detected: /Users/mathiasboe/Projects/runecortex/images-and-video-folder-for-testing/test/25-01-01-12-25 AM-7728 x 5152.jpg is similar to /Users/mathiasboe/Projects/runecortex/images-and-video-folder-for-testing/25-01-01-12-25 AM-7728 x 5152.jpg
Duplicate detected: /Users/mathiasboe/Projects/runecortex/images-and-video-folder-for-testing/test/25-01-01-12-26 AM-7728 x 5152.jpg is similar to /Users/mathiasboe/Projects/runecortex/images-and-video-folder-for-testing/25-01-01-12-26 AM-7728 x 5152.jpg
Performing periodic check for missed files...
Duplicate detected: /Users/mathiasboe/Projects/runecortex/images-and-video-folder-for-testing/test/25-01-01-12-27 AM-7728 x 5152 1.jpg is similar to /Users/mathiasboe/Projects/runecortex/images-and-video-folder-for-testing/25-01-01-12-27 AM-7728 x 5152 1.jpg
Duplicate detected: /Users/mathiasboe/Projects/runecortex/images-and-video-folder-for-testing/test/25-01-01-12-26 AM-7728 x 5152 2.jpg is similar to /Users/mathiasboe/Projects/runecortex/images-and-video-folder-for-testing/25-01-01-12-26 AM-7728 x 5152 2.jpg
Duplicate detected: /Users/mathiasboe/Projects/runecortex/images-and-video-folder-for-testing/test/25-01-01-12-26 AM-7728 x 5152 3.jpg is similar to /Users/mathiasboe/Projects/runecortex/images-and-video-folder-for-testing/25-01-01-12-26 AM-7728 x 5152 3.jpg
Duplicate detected: /Users/mathiasboe/Projects/runecortex/images-and-video-folder-for-testing/test/25-01-01-12-26 AM-7728 x 5152 1.jpg is similar to /Users/mathiasboe/Projects/runecortex/images-and-video-folder-for-testing/25-01-01-12-26 AM-7728 x 5152 1.jpg
Duplicate detected: /Users/mathiasboe/Projects/runecortex/images-and-video-folder-for-testing/test/25-01-01-12-25 AM-7728 x 5152.jpg is similar to /Users/mathiasboe/Projects/runecortex/images-and-video-folder-for-testing/25-01-01-12-25 AM-7728 x 5152.jpg
Duplicate detected: /Users/mathiasboe/Projects/runecortex/images-and-video-folder-for-testing/test/25-01-01-12-26 AM-7728 x 5152.jpg is similar to /Users/mathiasboe/Projects/runecortex/images-and-video-folder-for-testing/25-01-01-12-26 AM-7728 x 5152.jpg
Performing periodic check for missed files...
Duplicate detected: /Users/mathiasboe/Projects/runecortex/images-and-video-folder-for-testing/test/25-01-01-12-27 AM-7728 x 5152 1.jpg is similar to /Users/mathiasboe/Projects/runecortex/images-and-video-folder-for-testing/25-01-01-12-27 AM-7728 x 5152 1.jpg
Duplicate detected: /Users/mathiasboe/Projects/runecortex/images-and-video-folder-for-testing/test/25-01-01-12-26 AM-7728 x 5152 2.jpg is similar to /Users/mathiasboe/Projects/runecortex/images-and-video-folder-for-testing/25-01-01-12-26 AM-7728 x 5152 2.jpg
Duplicate detected: /Users/mathiasboe/Projects/runecortex/images-and-video-folder-for-testing/test/25-01-01-12-26 AM-7728 x 5152 3.jpg is similar to /Users/mathiasboe/Projects/runecortex/images-and-video-folder-for-testing/25-01-01-12-26 AM-7728 x 5152 3.jpg
Duplicate detected: /Users/mathiasboe/Projects/runecortex/images-and-video-folder-for-testing/test/25-01-01-12-26 AM-7728 x 5152 1.jpg is similar to /Users/mathiasboe/Projects/runecortex/images-and-video-folder-for-testing/25-01-01-12-26 AM-7728 x 5152 1.jpg
Duplicate detected: /Users/mathiasboe/Projects/runecortex/images-and-video-folder-for-testing/test/25-01-01-12-25 AM-7728 x 5152.jpg is similar to /Users/mathiasboe/Projects/runecortex/images-and-video-folder-for-testing/25-01-01-12-25 AM-7728 x 5152.jpg
Duplicate detected: /Users/mathiasboe/Projects/runecortex/images-and-video-folder-for-testing/test/25-01-01-12-26 AM-7728 x 5152.jpg is similar to /Users/mathiasboe/Projects/runecortex/images-and-video-folder-for-testing/25-01-01-12-26 AM-7728 x 5152.jpg
Performing periodic check for missed files...
Duplicate detected: /Users/mathiasboe/Projects/runecortex/images-and-video-folder-for-testing/test/25-01-01-12-27 AM-7728 x 5152 1.jpg is similar to /Users/mathiasboe/Projects/runecortex/images-and-video-folder-for-testing/25-01-01-12-27 AM-7728 x 5152 1.jpg
Duplicate detected: /Users/mathiasboe/Projects/runecortex/images-and-video-folder-for-testing/test/25-01-01-12-26 AM-7728 x 5152 2.jpg is similar to /Users/mathiasboe/Projects/runecortex/images-and-video-folder-for-testing/25-01-01-12-26 AM-7728 x 5152 2.jpg
Duplicate detected: /Users/mathiasboe/Projects/runecortex/images-and-video-folder-for-testing/test/25-01-01-12-26 AM-7728 x 5152 3.jpg is similar to /Users/mathiasboe/Projects/runecortex/images-and-video-folder-for-testing/25-01-01-12-26 AM-7728 x 5152 3.jpg
Duplicate detected: /Users/mathiasboe/Projects/runecortex/images-and-video-folder-for-testing/test/25-01-01-12-26 AM-7728 x 5152 1.jpg is similar to /Users/mathiasboe/Projects/runecortex/images-and-video-folder-for-testing/25-01-01-12-26 AM-7728 x 5152 1.jpg
Duplicate detected: /Users/mathiasboe/Projects/runecortex/images-and-video-folder-for-testing/test/25-01-01-12-25 AM-7728 x 5152.jpg is similar to /Users/mathiasboe/Projects/runecortex/images-and-video-folder-for-testing/25-01-01-12-25 AM-7728 x 5152.jpg
Duplicate detected: /Users/mathiasboe/Projects/runecortex/images-and-video-folder-for-testing/test/25-01-01-12-26 AM-7728 x 5152.jpg is similar to /Users/mathiasboe/Projects/runecortex/images-and-video-folder-for-testing/25-01-01-12-26 AM-7728 x 5152.jpg
Performing periodic check for missed files...
Duplicate detected: /Users/mathiasboe/Projects/runecortex/images-and-video-folder-for-testing/test/25-01-01-12-27 AM-7728 x 5152 1.jpg is similar to /Users/mathiasboe/Projects/runecortex/images-and-video-folder-for-testing/25-01-01-12-27 AM-7728 x 5152 1.jpg
Duplicate detected: /Users/mathiasboe/Projects/runecortex/images-and-video-folder-for-testing/test/25-01-01-12-26 AM-7728 x 5152 2.jpg is similar to /Users/mathiasboe/Projects/runecortex/images-and-video-folder-for-testing/25-01-01-12-26 AM-7728 x 5152 2.jpg
Duplicate detected: /Users/mathiasboe/Projects/runecortex/images-and-video-folder-for-testing/test/25-01-01-12-26 AM-7728 x 5152 3.jpg is similar to /Users/mathiasboe/Projects/runecortex/images-and-video-folder-for-testing/25-01-01-12-26 AM-7728 x 5152 3.jpg
Duplicate detected: /Users/mathiasboe/Projects/runecortex/images-and-video-folder-for-testing/test/25-01-01-12-26 AM-7728 x 5152 1.jpg is similar to /Users/mathiasboe/Projects/runecortex/images-and-video-folder-for-testing/25-01-01-12-26 AM-7728 x 5152 1.jpg
Duplicate detected: /Users/mathiasboe/Projects/runecortex/images-and-video-folder-for-testing/test/25-01-01-12-25 AM-7728 x 5152.jpg is similar to /Users/mathiasboe/Projects/runecortex/images-and-video-folder-for-testing/25-01-01-12-25 AM-7728 x 5152.jpg
Duplicate detected: /Users/mathiasboe/Projects/runecortex/images-and-video-folder-for-testing/test/25-01-01-12-26 AM-7728 x 5152.jpg is similar to /Users/mathiasboe/Projects/runecortex/images-and-video-folder-for-testing/25-01-01-12-26 AM-7728 x 5152.jpg
Performing periodic check for missed files...
Duplicate detected: /Users/mathiasboe/Projects/runecortex/images-and-video-folder-for-testing/test/25-01-01-12-27 AM-7728 x 5152 1.jpg is similar to /Users/mathiasboe/Projects/runecortex/images-and-video-folder-for-testing/25-01-01-12-27 AM-7728 x 5152 1.jpg
Duplicate detected: /Users/mathiasboe/Projects/runecortex/images-and-video-folder-for-testing/test/25-01-01-12-26 AM-7728 x 5152 2.jpg is similar to /Users/mathiasboe/Projects/runecortex/images-and-video-folder-for-testing/25-01-01-12-26 AM-7728 x 5152 2.jpg
Duplicate detected: /Users/mathiasboe/Projects/runecortex/images-and-video-folder-for-testing/test/25-01-01-12-26 AM-7728 x 5152 3.jpg is similar to /Users/mathiasboe/Projects/runecortex/images-and-video-folder-for-testing/25-01-01-12-26 AM-7728 x 5152 3.jpg
Duplicate detected: /Users/mathiasboe/Projects/runecortex/images-and-video-folder-for-testing/test/25-01-01-12-26 AM-7728 x 5152 1.jpg is similar to /Users/mathiasboe/Projects/runecortex/images-and-video-folder-for-testing/25-01-01-12-26 AM-7728 x 5152 1.jpg
Duplicate detected: /Users/mathiasboe/Projects/runecortex/images-and-video-folder-for-testing/test/25-01-01-12-25 AM-7728 x 5152.jpg is similar to /Users/mathiasboe/Projects/runecortex/images-and-video-folder-for-testing/25-01-01-12-25 AM-7728 x 5152.jpg
Duplicate detected: /Users/mathiasboe/Projects/runecortex/images-and-video-folder-for-testing/test/25-01-01-12-26 AM-7728 x 5152.jpg is similar to /Users/mathiasboe/Projects/runecortex/images-and-video-folder-for-testing/25-01-01-12-26 AM-7728 x 5152.jpg
Performing periodic check for missed files...
Duplicate detected: /Users/mathiasboe/Projects/runecortex/images-and-video-folder-for-testing/test/25-01-01-12-27 AM-7728 x 5152 1.jpg is similar to /Users/mathiasboe/Projects/runecortex/images-and-video-folder-for-testing/25-01-01-12-27 AM-7728 x 5152 1.jpg
Duplicate detected: /Users/mathiasboe/Projects/runecortex/images-and-video-folder-for-testing/test/25-01-01-12-26 AM-7728 x 5152 2.jpg is similar to /Users/mathiasboe/Projects/runecortex/images-and-video-folder-for-testing/25-01-01-12-26 AM-7728 x 5152 2.jpg
Duplicate detected: /Users/mathiasboe/Projects/runecortex/images-and-video-folder-for-testing/test/25-01-01-12-26 AM-7728 x 5152 3.jpg is similar to /Users/mathiasboe/Projects/runecortex/images-and-video-folder-for-testing/25-01-01-12-26 AM-7728 x 5152 3.jpg
Duplicate detected: /Users/mathiasboe/Projects/runecortex/images-and-video-folder-for-testing/test/25-01-01-12-26 AM-7728 x 5152 1.jpg is similar to /Users/mathiasboe/Projects/runecortex/images-and-video-folder-for-testing/25-01-01-12-26 AM-7728 x 5152 1.jpg
Duplicate detected: /Users/mathiasboe/Projects/runecortex/images-and-video-folder-for-testing/test/25-01-01-12-25 AM-7728 x 5152.jpg is similar to /Users/mathiasboe/Projects/runecortex/images-and-video-folder-for-testing/25-01-01-12-25 AM-7728 x 5152.jpg
Duplicate detected: /Users/mathiasboe/Projects/runecortex/images-and-video-folder-for-testing/test/25-01-01-12-26 AM-7728 x 5152.jpg is similar to /Users/mathiasboe/Projects/runecortex/images-and-video-folder-for-testing/25-01-01-12-26 AM-7728 x 5152.jpg
Performing periodic check for missed files...
Duplicate detected: /Users/mathiasboe/Projects/runecortex/images-and-video-folder-for-testing/test/25-01-01-12-27 AM-7728 x 5152 1.jpg is similar to /Users/mathiasboe/Projects/runecortex/images-and-video-folder-for-testing/25-01-01-12-27 AM-7728 x 5152 1.jpg
Duplicate detected: /Users/mathiasboe/Projects/runecortex/images-and-video-folder-for-testing/test/25-01-01-12-26 AM-7728 x 5152 2.jpg is similar to /Users/mathiasboe/Projects/runecortex/images-and-video-folder-for-testing/25-01-01-12-26 AM-7728 x 5152 2.jpg
Duplicate detected: /Users/mathiasboe/Projects/runecortex/images-and-video-folder-for-testing/test/25-01-01-12-26 AM-7728 x 5152 3.jpg is similar to /Users/mathiasboe/Projects/runecortex/images-and-video-folder-for-testing/25-01-01-12-26 AM-7728 x 5152 3.jpg
Duplicate detected: /Users/mathiasboe/Projects/runecortex/images-and-video-folder-for-testing/test/25-01-01-12-26 AM-7728 x 5152 1.jpg is similar to /Users/mathiasboe/Projects/runecortex/images-and-video-folder-for-testing/25-01-01-12-26 AM-7728 x 5152 1.jpg
Duplicate detected: /Users/mathiasboe/Projects/runecortex/images-and-video-folder-for-testing/test/25-01-01-12-25 AM-7728 x 5152.jpg is similar to /Users/mathiasboe/Projects/runecortex/images-and-video-folder-for-testing/25-01-01-12-25 AM-7728 x 5152.jpg
Duplicate detected: /Users/mathiasboe/Projects/runecortex/images-and-video-folder-for-testing/test/25-01-01-12-26 AM-7728 x 5152.jpg is similar to /Users/mathiasboe/Projects/runecortex/images-and-video-folder-for-testing/25-01-01-12-26 AM-7728 x 5152.jpg
Performing periodic check for missed files...
Duplicate detected: /Users/mathiasboe/Projects/runecortex/images-and-video-folder-for-testing/test/25-01-01-12-27 AM-7728 x 5152 1.jpg is similar to /Users/mathiasboe/Projects/runecortex/images-and-video-folder-for-testing/25-01-01-12-27 AM-7728 x 5152 1.jpg
Duplicate detected: /Users/mathiasboe/Projects/runecortex/images-and-video-folder-for-testing/test/25-01-01-12-26 AM-7728 x 5152 2.jpg is similar to /Users/mathiasboe/Projects/runecortex/images-and-video-folder-for-testing/25-01-01-12-26 AM-7728 x 5152 2.jpg
Duplicate detected: /Users/mathiasboe/Projects/runecortex/images-and-video-folder-for-testing/test/25-01-01-12-26 AM-7728 x 5152 3.jpg is similar to /Users/mathiasboe/Projects/runecortex/images-and-video-folder-for-testing/25-01-01-12-26 AM-7728 x 5152 3.jpg
Duplicate detected: /Users/mathiasboe/Projects/runecortex/images-and-video-folder-for-testing/test/25-01-01-12-26 AM-7728 x 5152 1.jpg is similar to /Users/mathiasboe/Projects/runecortex/images-and-video-folder-for-testing/25-01-01-12-26 AM-7728 x 5152 1.jpg
Duplicate detected: /Users/mathiasboe/Projects/runecortex/images-and-video-folder-for-testing/test/25-01-01-12-25 AM-7728 x 5152.jpg is similar to /Users/mathiasboe/Projects/runecortex/images-and-video-folder-for-testing/25-01-01-12-25 AM-7728 x 5152.jpg
Duplicate detected: /Users/mathiasboe/Projects/runecortex/images-and-video-folder-for-testing/test/25-01-01-12-26 AM-7728 x 5152.jpg is similar to /Users/mathiasboe/Projects/runecortex/images-and-video-folder-for-testing/25-01-01-12-26 AM-7728 x 5152.jpg
Performing periodic check for missed files...
Duplicate detected: /Users/mathiasboe/Projects/runecortex/images-and-video-folder-for-testing/test/25-01-01-12-27 AM-7728 x 5152 1.jpg is similar to /Users/mathiasboe/Projects/runecortex/images-and-video-folder-for-testing/25-01-01-12-27 AM-7728 x 5152 1.jpg
Duplicate detected: /Users/mathiasboe/Projects/runecortex/images-and-video-folder-for-testing/test/25-01-01-12-26 AM-7728 x 5152 2.jpg is similar to /Users/mathiasboe/Projects/runecortex/images-and-video-folder-for-testing/25-01-01-12-26 AM-7728 x 5152 2.jpg
Duplicate detected: /Users/mathiasboe/Projects/runecortex/images-and-video-folder-for-testing/test/25-01-01-12-26 AM-7728 x 5152 3.jpg is similar to /Users/mathiasboe/Projects/runecortex/images-and-video-folder-for-testing/25-01-01-12-26 AM-7728 x 5152 3.jpg
Duplicate detected: /Users/mathiasboe/Projects/runecortex/images-and-video-folder-for-testing/test/25-01-01-12-26 AM-7728 x 5152 1.jpg is similar to /Users/mathiasboe/Projects/runecortex/images-and-video-folder-for-testing/25-01-01-12-26 AM-7728 x 5152 1.jpg
Duplicate detected: /Users/mathiasboe/Projects/runecortex/images-and-video-folder-for-testing/test/25-01-01-12-25 AM-7728 x 5152.jpg is similar to /Users/mathiasboe/Projects/runecortex/images-and-video-folder-for-testing/25-01-01-12-25 AM-7728 x 5152.jpg
Duplicate detected: /Users/mathiasboe/Projects/runecortex/images-and-video-folder-for-testing/test/25-01-01-12-26 AM-7728 x 5152.jpg is similar to /Users/mathiasboe/Projects/runecortex/images-and-video-folder-for-testing/25-01-01-12-26 AM-7728 x 5152.jpg
Performing periodic check for missed files...
Duplicate detected: /Users/mathiasboe/Projects/runecortex/images-and-video-folder-for-testing/test/25-01-01-12-27 AM-7728 x 5152 1.jpg is similar to /Users/mathiasboe/Projects/runecortex/images-and-video-folder-for-testing/25-01-01-12-27 AM-7728 x 5152 1.jpg
Duplicate detected: /Users/mathiasboe/Projects/runecortex/images-and-video-folder-for-testing/test/25-01-01-12-26 AM-7728 x 5152 2.jpg is similar to /Users/mathiasboe/Projects/runecortex/images-and-video-folder-for-testing/25-01-01-12-26 AM-7728 x 5152 2.jpg
Duplicate detected: /Users/mathiasboe/Projects/runecortex/images-and-video-folder-for-testing/test/25-01-01-12-26 AM-7728 x 5152 3.jpg is similar to /Users/mathiasboe/Projects/runecortex/images-and-video-folder-for-testing/25-01-01-12-26 AM-7728 x 5152 3.jpg
Duplicate detected: /Users/mathiasboe/Projects/runecortex/images-and-video-folder-for-testing/test/25-01-01-12-26 AM-7728 x 5152 1.jpg is similar to /Users/mathiasboe/Projects/runecortex/images-and-video-folder-for-testing/25-01-01-12-26 AM-7728 x 5152 1.jpg
Duplicate detected: /Users/mathiasboe/Projects/runecortex/images-and-video-folder-for-testing/test/25-01-01-12-25 AM-7728 x 5152.jpg is similar to /Users/mathiasboe/Projects/runecortex/images-and-video-folder-for-testing/25-01-01-12-25 AM-7728 x 5152.jpg
Duplicate detected: /Users/mathiasboe/Projects/runecortex/images-and-video-folder-for-testing/test/25-01-01-12-26 AM-7728 x 5152.jpg is similar to /Users/mathiasboe/Projects/runecortex/images-and-video-folder-for-testing/25-01-01-12-26 AM-7728 x 5152.jpg
Performing periodic check for missed files...
Duplicate detected: /Users/mathiasboe/Projects/runecortex/images-and-video-folder-for-testing/test/25-01-01-12-27 AM-7728 x 5152 1.jpg is similar to /Users/mathiasboe/Projects/runecortex/images-and-video-folder-for-testing/25-01-01-12-27 AM-7728 x 5152 1.jpg
Duplicate detected: /Users/mathiasboe/Projects/runecortex/images-and-video-folder-for-testing/test/25-01-01-12-26 AM-7728 x 5152 2.jpg is similar to /Users/mathiasboe/Projects/runecortex/images-and-video-folder-for-testing/25-01-01-12-26 AM-7728 x 5152 2.jpg
Duplicate detected: /Users/mathiasboe/Projects/runecortex/images-and-video-folder-for-testing/test/25-01-01-12-26 AM-7728 x 5152 3.jpg is similar to /Users/mathiasboe/Projects/runecortex/images-and-video-folder-for-testing/25-01-01-12-26 AM-7728 x 5152 3.jpg
Duplicate detected: /Users/mathiasboe/Projects/runecortex/images-and-video-folder-for-testing/test/25-01-01-12-26 AM-7728 x 5152 1.jpg is similar to /Users/mathiasboe/Projects/runecortex/images-and-video-folder-for-testing/25-01-01-12-26 AM-7728 x 5152 1.jpg
Duplicate detected: /Users/mathiasboe/Projects/runecortex/images-and-video-folder-for-testing/test/25-01-01-12-25 AM-7728 x 5152.jpg is similar to /Users/mathiasboe/Projects/runecortex/images-and-video-folder-for-testing/25-01-01-12-25 AM-7728 x 5152.jpg
Duplicate detected: /Users/mathiasboe/Projects/runecortex/images-and-video-folder-for-testing/test/25-01-01-12-26 AM-7728 x 5152.jpg is similar to /Users/mathiasboe/Projects/runecortex/images-and-video-folder-for-testing/25-01-01-12-26 AM-7728 x 5152.jpg
Performing periodic check for missed files...
Duplicate detected: /Users/mathiasboe/Projects/runecortex/images-and-video-folder-for-testing/test/25-01-01-12-27 AM-7728 x 5152 1.jpg is similar to /Users/mathiasboe/Projects/runecortex/images-and-video-folder-for-testing/25-01-01-12-27 AM-7728 x 5152 1.jpg
Duplicate detected: /Users/mathiasboe/Projects/runecortex/images-and-video-folder-for-testing/test/25-01-01-12-26 AM-7728 x 5152 2.jpg is similar to /Users/mathiasboe/Projects/runecortex/images-and-video-folder-for-testing/25-01-01-12-26 AM-7728 x 5152 2.jpg
Duplicate detected: /Users/mathiasboe/Projects/runecortex/images-and-video-folder-for-testing/test/25-01-01-12-26 AM-7728 x 5152 3.jpg is similar to /Users/mathiasboe/Projects/runecortex/images-and-video-folder-for-testing/25-01-01-12-26 AM-7728 x 5152 3.jpg
Duplicate detected: /Users/mathiasboe/Projects/runecortex/images-and-video-folder-for-testing/test/25-01-01-12-26 AM-7728 x 5152 1.jpg is similar to /Users/mathiasboe/Projects/runecortex/images-and-video-folder-for-testing/25-01-01-12-26 AM-7728 x 5152 1.jpg
Duplicate detected: /Users/mathiasboe/Projects/runecortex/images-and-video-folder-for-testing/test/25-01-01-12-25 AM-7728 x 5152.jpg is similar to /Users/mathiasboe/Projects/runecortex/images-and-video-folder-for-testing/25-01-01-12-25 AM-7728 x 5152.jpg
Duplicate detected: /Users/mathiasboe/Projects/runecortex/images-and-video-folder-for-testing/test/25-01-01-12-26 AM-7728 x 5152.jpg is similar to /Users/mathiasboe/Projects/runecortex/images-and-video-folder-for-testing/25-01-01-12-26 AM-7728 x 5152.jpg
Performing periodic check for missed files...
Duplicate detected: /Users/mathiasboe/Projects/runecortex/images-and-video-folder-for-testing/test/25-01-01-12-27 AM-7728 x 5152 1.jpg is similar to /Users/mathiasboe/Projects/runecortex/images-and-video-folder-for-testing/25-01-01-12-27 AM-7728 x 5152 1.jpg
Duplicate detected: /Users/mathiasboe/Projects/runecortex/images-and-video-folder-for-testing/test/25-01-01-12-26 AM-7728 x 5152 2.jpg is similar to /Users/mathiasboe/Projects/runecortex/images-and-video-folder-for-testing/25-01-01-12-26 AM-7728 x 5152 2.jpg
Duplicate detected: /Users/mathiasboe/Projects/runecortex/images-and-video-folder-for-testing/test/25-01-01-12-26 AM-7728 x 5152 3.jpg is similar to /Users/mathiasboe/Projects/runecortex/images-and-video-folder-for-testing/25-01-01-12-26 AM-7728 x 5152 3.jpg
Duplicate detected: /Users/mathiasboe/Projects/runecortex/images-and-video-folder-for-testing/test/25-01-01-12-26 AM-7728 x 5152 1.jpg is similar to /Users/mathiasboe/Projects/runecortex/images-and-video-folder-for-testing/25-01-01-12-26 AM-7728 x 5152 1.jpg
Duplicate detected: /Users/mathiasboe/Projects/runecortex/images-and-video-folder-for-testing/test/25-01-01-12-25 AM-7728 x 5152.jpg is similar to /Users/mathiasboe/Projects/runecortex/images-and-video-folder-for-testing/25-01-01-12-25 AM-7728 x 5152.jpg
Duplicate detected: /Users/mathiasboe/Projects/runecortex/images-and-video-folder-for-testing/test/25-01-01-12-26 AM-7728 x 5152.jpg is similar to /Users/mathiasboe/Projects/runecortex/images-and-video-folder-for-testing/25-01-01-12-26 AM-7728 x 5152.jpg
Performing periodic check for missed files...
Duplicate detected: /Users/mathiasboe/Projects/runecortex/images-and-video-folder-for-testing/test/25-01-01-12-27 AM-7728 x 5152 1.jpg is similar to /Users/mathiasboe/Projects/runecortex/images-and-video-folder-for-testing/25-01-01-12-27 AM-7728 x 5152 1.jpg
Duplicate detected: /Users/mathiasboe/Projects/runecortex/images-and-video-folder-for-testing/test/25-01-01-12-26 AM-7728 x 5152 2.jpg is similar to /Users/mathiasboe/Projects/runecortex/images-and-video-folder-for-testing/25-01-01-12-26 AM-7728 x 5152 2.jpg
Duplicate detected: /Users/mathiasboe/Projects/runecortex/images-and-video-folder-for-testing/test/25-01-01-12-26 AM-7728 x 5152 3.jpg is similar to /Users/mathiasboe/Projects/runecortex/images-and-video-folder-for-testing/25-01-01-12-26 AM-7728 x 5152 3.jpg
Duplicate detected: /Users/mathiasboe/Projects/runecortex/images-and-video-folder-for-testing/test/25-01-01-12-26 AM-7728 x 5152 1.jpg is similar to /Users/mathiasboe/Projects/runecortex/images-and-video-folder-for-testing/25-01-01-12-26 AM-7728 x 5152 1.jpg
Duplicate detected: /Users/mathiasboe/Projects/runecortex/images-and-video-folder-for-testing/test/25-01-01-12-25 AM-7728 x 5152.jpg is similar to /Users/mathiasboe/Projects/runecortex/images-and-video-folder-for-testing/25-01-01-12-25 AM-7728 x 5152.jpg
Duplicate detected: /Users/mathiasboe/Projects/runecortex/images-and-video-folder-for-testing/test/25-01-01-12-26 AM-7728 x 5152.jpg is similar to /Users/mathiasboe/Projects/runecortex/images-and-video-folder-for-testing/25-01-01-12-26 AM-7728 x 5152.jpg
Performing periodic check for missed files...
Duplicate detected: /Users/mathiasboe/Projects/runecortex/images-and-video-folder-for-testing/test/25-01-01-12-27 AM-7728 x 5152 1.jpg is similar to /Users/mathiasboe/Projects/runecortex/images-and-video-folder-for-testing/25-01-01-12-27 AM-7728 x 5152 1.jpg
Duplicate detected: /Users/mathiasboe/Projects/runecortex/images-and-video-folder-for-testing/test/25-01-01-12-26 AM-7728 x 5152 2.jpg is similar to /Users/mathiasboe/Projects/runecortex/images-and-video-folder-for-testing/25-01-01-12-26 AM-7728 x 5152 2.jpg
Duplicate detected: /Users/mathiasboe/Projects/runecortex/images-and-video-folder-for-testing/test/25-01-01-12-26 AM-7728 x 5152 3.jpg is similar to /Users/mathiasboe/Projects/runecortex/images-and-video-folder-for-testing/25-01-01-12-26 AM-7728 x 5152 3.jpg
Duplicate detected: /Users/mathiasboe/Projects/runecortex/images-and-video-folder-for-testing/test/25-01-01-12-26 AM-7728 x 5152 1.jpg is similar to /Users/mathiasboe/Projects/runecortex/images-and-video-folder-for-testing/25-01-01-12-26 AM-7728 x 5152 1.jpg
Duplicate detected: /Users/mathiasboe/Projects/runecortex/images-and-video-folder-for-testing/test/25-01-01-12-25 AM-7728 x 5152.jpg is similar to /Users/mathiasboe/Projects/runecortex/images-and-video-folder-for-testing/25-01-01-12-25 AM-7728 x 5152.jpg
Duplicate detected: /Users/mathiasboe/Projects/runecortex/images-and-video-folder-for-testing/test/25-01-01-12-26 AM-7728 x 5152.jpg is similar to /Users/mathiasboe/Projects/runecortex/images-and-video-folder-for-testing/25-01-01-12-26 AM-7728 x 5152.jpg
Performing periodic check for missed files...
Duplicate detected: /Users/mathiasboe/Projects/runecortex/images-and-video-folder-for-testing/test/25-01-01-12-27 AM-7728 x 5152 1.jpg is similar to /Users/mathiasboe/Projects/runecortex/images-and-video-folder-for-testing/25-01-01-12-27 AM-7728 x 5152 1.jpg
Duplicate detected: /Users/mathiasboe/Projects/runecortex/images-and-video-folder-for-testing/test/25-01-01-12-26 AM-7728 x 5152 2.jpg is similar to /Users/mathiasboe/Projects/runecortex/images-and-video-folder-for-testing/25-01-01-12-26 AM-7728 x 5152 2.jpg
Duplicate detected: /Users/mathiasboe/Projects/runecortex/images-and-video-folder-for-testing/test/25-01-01-12-26 AM-7728 x 5152 3.jpg is similar to /Users/mathiasboe/Projects/runecortex/images-and-video-folder-for-testing/25-01-01-12-26 AM-7728 x 5152 3.jpg
Duplicate detected: /Users/mathiasboe/Projects/runecortex/images-and-video-folder-for-testing/test/25-01-01-12-26 AM-7728 x 5152 1.jpg is similar to /Users/mathiasboe/Projects/runecortex/images-and-video-folder-for-testing/25-01-01-12-26 AM-7728 x 5152 1.jpg
Duplicate detected: /Users/mathiasboe/Projects/runecortex/images-and-video-folder-for-testing/test/25-01-01-12-25 AM-7728 x 5152.jpg is similar to /Users/mathiasboe/Projects/runecortex/images-and-video-folder-for-testing/25-01-01-12-25 AM-7728 x 5152.jpg
Duplicate detected: /Users/mathiasboe/Projects/runecortex/images-and-video-folder-for-testing/test/25-01-01-12-26 AM-7728 x 5152.jpg is similar to /Users/mathiasboe/Projects/runecortex/images-and-video-folder-for-testing/25-01-01-12-26 AM-7728 x 5152.jpg
Performing periodic check for missed files...
Duplicate detected: /Users/mathiasboe/Projects/runecortex/images-and-video-folder-for-testing/test/25-01-01-12-27 AM-7728 x 5152 1.jpg is similar to /Users/mathiasboe/Projects/runecortex/images-and-video-folder-for-testing/25-01-01-12-27 AM-7728 x 5152 1.jpg
Duplicate detected: /Users/mathiasboe/Projects/runecortex/images-and-video-folder-for-testing/test/25-01-01-12-26 AM-7728 x 5152 2.jpg is similar to /Users/mathiasboe/Projects/runecortex/images-and-video-folder-for-testing/25-01-01-12-26 AM-7728 x 5152 2.jpg
Duplicate detected: /Users/mathiasboe/Projects/runecortex/images-and-video-folder-for-testing/test/25-01-01-12-26 AM-7728 x 5152 3.jpg is similar to /Users/mathiasboe/Projects/runecortex/images-and-video-folder-for-testing/25-01-01-12-26 AM-7728 x 5152 3.jpg
Duplicate detected: /Users/mathiasboe/Projects/runecortex/images-and-video-folder-for-testing/test/25-01-01-12-26 AM-7728 x 5152 1.jpg is similar to /Users/mathiasboe/Projects/runecortex/images-and-video-folder-for-testing/25-01-01-12-26 AM-7728 x 5152 1.jpg
Duplicate detected: /Users/mathiasboe/Projects/runecortex/images-and-video-folder-for-testing/test/25-01-01-12-25 AM-7728 x 5152.jpg is similar to /Users/mathiasboe/Projects/runecortex/images-and-video-folder-for-testing/25-01-01-12-25 AM-7728 x 5152.jpg
Duplicate detected: /Users/mathiasboe/Projects/runecortex/images-and-video-folder-for-testing/test/25-01-01-12-26 AM-7728 x 5152.jpg is similar to /Users/mathiasboe/Projects/runecortex/images-and-video-folder-for-testing/25-01-01-12-26 AM-7728 x 5152.jpg
Performing periodic check for missed files...
Duplicate detected: /Users/mathiasboe/Projects/runecortex/images-and-video-folder-for-testing/test/25-01-01-12-27 AM-7728 x 5152 1.jpg is similar to /Users/mathiasboe/Projects/runecortex/images-and-video-folder-for-testing/25-01-01-12-27 AM-7728 x 5152 1.jpg
Duplicate detected: /Users/mathiasboe/Projects/runecortex/images-and-video-folder-for-testing/test/25-01-01-12-26 AM-7728 x 5152 2.jpg is similar to /Users/mathiasboe/Projects/runecortex/images-and-video-folder-for-testing/25-01-01-12-26 AM-7728 x 5152 2.jpg
Duplicate detected: /Users/mathiasboe/Projects/runecortex/images-and-video-folder-for-testing/test/25-01-01-12-26 AM-7728 x 5152 3.jpg is similar to /Users/mathiasboe/Projects/runecortex/images-and-video-folder-for-testing/25-01-01-12-26 AM-7728 x 5152 3.jpg
Duplicate detected: /Users/mathiasboe/Projects/runecortex/images-and-video-folder-for-testing/test/25-01-01-12-26 AM-7728 x 5152 1.jpg is similar to /Users/mathiasboe/Projects/runecortex/images-and-video-folder-for-testing/25-01-01-12-26 AM-7728 x 5152 1.jpg
Duplicate detected: /Users/mathiasboe/Projects/runecortex/images-and-video-folder-for-testing/test/25-01-01-12-25 AM-7728 x 5152.jpg is similar to /Users/mathiasboe/Projects/runecortex/images-and-video-folder-for-testing/25-01-01-12-25 AM-7728 x 5152.jpg
Duplicate detected: /Users/mathiasboe/Projects/runecortex/images-and-video-folder-for-testing/test/25-01-01-12-26 AM-7728 x 5152.jpg is similar to /Users/mathiasboe/Projects/runecortex/images-and-video-folder-for-testing/25-01-01-12-26 AM-7728 x 5152.jpg
Performing periodic check for missed files...
Duplicate detected: /Users/mathiasboe/Projects/runecortex/images-and-video-folder-for-testing/test/25-01-01-12-27 AM-7728 x 5152 1.jpg is similar to /Users/mathiasboe/Projects/runecortex/images-and-video-folder-for-testing/25-01-01-12-27 AM-7728 x 5152 1.jpg
Duplicate detected: /Users/mathiasboe/Projects/runecortex/images-and-video-folder-for-testing/test/25-01-01-12-26 AM-7728 x 5152 2.jpg is similar to /Users/mathiasboe/Projects/runecortex/images-and-video-folder-for-testing/25-01-01-12-26 AM-7728 x 5152 2.jpg
Duplicate detected: /Users/mathiasboe/Projects/runecortex/images-and-video-folder-for-testing/test/25-01-01-12-26 AM-7728 x 5152 3.jpg is similar to /Users/mathiasboe/Projects/runecortex/images-and-video-folder-for-testing/25-01-01-12-26 AM-7728 x 5152 3.jpg
Duplicate detected: /Users/mathiasboe/Projects/runecortex/images-and-video-folder-for-testing/test/25-01-01-12-26 AM-7728 x 5152 1.jpg is similar to /Users/mathiasboe/Projects/runecortex/images-and-video-folder-for-testing/25-01-01-12-26 AM-7728 x 5152 1.jpg
Duplicate detected: /Users/mathiasboe/Projects/runecortex/images-and-video-folder-for-testing/test/25-01-01-12-25 AM-7728 x 5152.jpg is similar to /Users/mathiasboe/Projects/runecortex/images-and-video-folder-for-testing/25-01-01-12-25 AM-7728 x 5152.jpg
Duplicate detected: /Users/mathiasboe/Projects/runecortex/images-and-video-folder-for-testing/test/25-01-01-12-26 AM-7728 x 5152.jpg is similar to /Users/mathiasboe/Projects/runecortex/images-and-video-folder-for-testing/25-01-01-12-26 AM-7728 x 5152.jpg
Performing periodic check for missed files...
Duplicate detected: /Users/mathiasboe/Projects/runecortex/images-and-video-folder-for-testing/test/25-01-01-12-27 AM-7728 x 5152 1.jpg is similar to /Users/mathiasboe/Projects/runecortex/images-and-video-folder-for-testing/25-01-01-12-27 AM-7728 x 5152 1.jpg
Duplicate detected: /Users/mathiasboe/Projects/runecortex/images-and-video-folder-for-testing/test/25-01-01-12-26 AM-7728 x 5152 2.jpg is similar to /Users/mathiasboe/Projects/runecortex/images-and-video-folder-for-testing/25-01-01-12-26 AM-7728 x 5152 2.jpg
Duplicate detected: /Users/mathiasboe/Projects/runecortex/images-and-video-folder-for-testing/test/25-01-01-12-26 AM-7728 x 5152 3.jpg is similar to /Users/mathiasboe/Projects/runecortex/images-and-video-folder-for-testing/25-01-01-12-26 AM-7728 x 5152 3.jpg
Duplicate detected: /Users/mathiasboe/Projects/runecortex/images-and-video-folder-for-testing/test/25-01-01-12-26 AM-7728 x 5152 1.jpg is similar to /Users/mathiasboe/Projects/runecortex/images-and-video-folder-for-testing/25-01-01-12-26 AM-7728 x 5152 1.jpg
Duplicate detected: /Users/mathiasboe/Projects/runecortex/images-and-video-folder-for-testing/test/25-01-01-12-25 AM-7728 x 5152.jpg is similar to /Users/mathiasboe/Projects/runecortex/images-and-video-folder-for-testing/25-01-01-12-25 AM-7728 x 5152.jpg
Duplicate detected: /Users/mathiasboe/Projects/runecortex/images-and-video-folder-for-testing/test/25-01-01-12-26 AM-7728 x 5152.jpg is similar to /Users/mathiasboe/Projects/runecortex/images-and-video-folder-for-testing/25-01-01-12-26 AM-7728 x 5152.jpg
Performing periodic check for missed files...
Duplicate detected: /Users/mathiasboe/Projects/runecortex/images-and-video-folder-for-testing/test/25-01-01-12-27 AM-7728 x 5152 1.jpg is similar to /Users/mathiasboe/Projects/runecortex/images-and-video-folder-for-testing/25-01-01-12-27 AM-7728 x 5152 1.jpg
Duplicate detected: /Users/mathiasboe/Projects/runecortex/images-and-video-folder-for-testing/test/25-01-01-12-26 AM-7728 x 5152 2.jpg is similar to /Users/mathiasboe/Projects/runecortex/images-and-video-folder-for-testing/25-01-01-12-26 AM-7728 x 5152 2.jpg
Duplicate detected: /Users/mathiasboe/Projects/runecortex/images-and-video-folder-for-testing/test/25-01-01-12-26 AM-7728 x 5152 3.jpg is similar to /Users/mathiasboe/Projects/runecortex/images-and-video-folder-for-testing/25-01-01-12-26 AM-7728 x 5152 3.jpg
Duplicate detected: /Users/mathiasboe/Projects/runecortex/images-and-video-folder-for-testing/test/25-01-01-12-26 AM-7728 x 5152 1.jpg is similar to /Users/mathiasboe/Projects/runecortex/images-and-video-folder-for-testing/25-01-01-12-26 AM-7728 x 5152 1.jpg
Duplicate detected: /Users/mathiasboe/Projects/runecortex/images-and-video-folder-for-testing/test/25-01-01-12-25 AM-7728 x 5152.jpg is similar to /Users/mathiasboe/Projects/runecortex/images-and-video-folder-for-testing/25-01-01-12-25 AM-7728 x 5152.jpg
Duplicate detected: /Users/mathiasboe/Projects/runecortex/images-and-video-folder-for-testing/test/25-01-01-12-26 AM-7728 x 5152.jpg is similar to /Users/mathiasboe/Projects/runecortex/images-and-video-folder-for-testing/25-01-01-12-26 AM-7728 x 5152.jpg
Performing periodic check for missed files...
Duplicate detected: /Users/mathiasboe/Projects/runecortex/images-and-video-folder-for-testing/test/25-01-01-12-27 AM-7728 x 5152 1.jpg is similar to /Users/mathiasboe/Projects/runecortex/images-and-video-folder-for-testing/25-01-01-12-27 AM-7728 x 5152 1.jpg
Duplicate detected: /Users/mathiasboe/Projects/runecortex/images-and-video-folder-for-testing/test/25-01-01-12-26 AM-7728 x 5152 2.jpg is similar to /Users/mathiasboe/Projects/runecortex/images-and-video-folder-for-testing/25-01-01-12-26 AM-7728 x 5152 2.jpg
Duplicate detected: /Users/mathiasboe/Projects/runecortex/images-and-video-folder-for-testing/test/25-01-01-12-26 AM-7728 x 5152 3.jpg is similar to /Users/mathiasboe/Projects/runecortex/images-and-video-folder-for-testing/25-01-01-12-26 AM-7728 x 5152 3.jpg
Duplicate detected: /Users/mathiasboe/Projects/runecortex/images-and-video-folder-for-testing/test/25-01-01-12-26 AM-7728 x 5152 1.jpg is similar to /Users/mathiasboe/Projects/runecortex/images-and-video-folder-for-testing/25-01-01-12-26 AM-7728 x 5152 1.jpg
Duplicate detected: /Users/mathiasboe/Projects/runecortex/images-and-video-folder-for-testing/test/25-01-01-12-25 AM-7728 x 5152.jpg is similar to /Users/mathiasboe/Projects/runecortex/images-and-video-folder-for-testing/25-01-01-12-25 AM-7728 x 5152.jpg
Duplicate detected: /Users/mathiasboe/Projects/runecortex/images-and-video-folder-for-testing/test/25-01-01-12-26 AM-7728 x 5152.jpg is similar to /Users/mathiasboe/Projects/runecortex/images-and-video-folder-for-testing/25-01-01-12-26 AM-7728 x 5152.jpg
Performing periodic check for missed files...
Duplicate detected: /Users/mathiasboe/Projects/runecortex/images-and-video-folder-for-testing/test/25-01-01-12-27 AM-7728 x 5152 1.jpg is similar to /Users/mathiasboe/Projects/runecortex/images-and-video-folder-for-testing/25-01-01-12-27 AM-7728 x 5152 1.jpg
Duplicate detected: /Users/mathiasboe/Projects/runecortex/images-and-video-folder-for-testing/test/25-01-01-12-26 AM-7728 x 5152 2.jpg is similar to /Users/mathiasboe/Projects/runecortex/images-and-video-folder-for-testing/25-01-01-12-26 AM-7728 x 5152 2.jpg
Duplicate detected: /Users/mathiasboe/Projects/runecortex/images-and-video-folder-for-testing/test/25-01-01-12-26 AM-7728 x 5152 3.jpg is similar to /Users/mathiasboe/Projects/runecortex/images-and-video-folder-for-testing/25-01-01-12-26 AM-7728 x 5152 3.jpg
Duplicate detected: /Users/mathiasboe/Projects/runecortex/images-and-video-folder-for-testing/test/25-01-01-12-26 AM-7728 x 5152 1.jpg is similar to /Users/mathiasboe/Projects/runecortex/images-and-video-folder-for-testing/25-01-01-12-26 AM-7728 x 5152 1.jpg
Duplicate detected: /Users/mathiasboe/Projects/runecortex/images-and-video-folder-for-testing/test/25-01-01-12-25 AM-7728 x 5152.jpg is similar to /Users/mathiasboe/Projects/runecortex/images-and-video-folder-for-testing/25-01-01-12-25 AM-7728 x 5152.jpg
Duplicate detected: /Users/mathiasboe/Projects/runecortex/images-and-video-folder-for-testing/test/25-01-01-12-26 AM-7728 x 5152.jpg is similar to /Users/mathiasboe/Projects/runecortex/images-and-video-folder-for-testing/25-01-01-12-26 AM-7728 x 5152.jpg
Performing periodic check for missed files...
Duplicate detected: /Users/mathiasboe/Projects/runecortex/images-and-video-folder-for-testing/test/25-01-01-12-27 AM-7728 x 5152 1.jpg is similar to /Users/mathiasboe/Projects/runecortex/images-and-video-folder-for-testing/25-01-01-12-27 AM-7728 x 5152 1.jpg
Duplicate detected: /Users/mathiasboe/Projects/runecortex/images-and-video-folder-for-testing/test/25-01-01-12-26 AM-7728 x 5152 2.jpg is similar to /Users/mathiasboe/Projects/runecortex/images-and-video-folder-for-testing/25-01-01-12-26 AM-7728 x 5152 2.jpg
Duplicate detected: /Users/mathiasboe/Projects/runecortex/images-and-video-folder-for-testing/test/25-01-01-12-26 AM-7728 x 5152 3.jpg is similar to /Users/mathiasboe/Projects/runecortex/images-and-video-folder-for-testing/25-01-01-12-26 AM-7728 x 5152 3.jpg
Duplicate detected: /Users/mathiasboe/Projects/runecortex/images-and-video-folder-for-testing/test/25-01-01-12-26 AM-7728 x 5152 1.jpg is similar to /Users/mathiasboe/Projects/runecortex/images-and-video-folder-for-testing/25-01-01-12-26 AM-7728 x 5152 1.jpg
Duplicate detected: /Users/mathiasboe/Projects/runecortex/images-and-video-folder-for-testing/test/25-01-01-12-25 AM-7728 x 5152.jpg is similar to /Users/mathiasboe/Projects/runecortex/images-and-video-folder-for-testing/25-01-01-12-25 AM-7728 x 5152.jpg
Duplicate detected: /Users/mathiasboe/Projects/runecortex/images-and-video-folder-for-testing/test/25-01-01-12-26 AM-7728 x 5152.jpg is similar to /Users/mathiasboe/Projects/runecortex/images-and-video-folder-for-testing/25-01-01-12-26 AM-7728 x 5152.jpg
Performing periodic check for missed files...
Duplicate detected: /Users/mathiasboe/Projects/runecortex/images-and-video-folder-for-testing/test/25-01-01-12-27 AM-7728 x 5152 1.jpg is similar to /Users/mathiasboe/Projects/runecortex/images-and-video-folder-for-testing/25-01-01-12-27 AM-7728 x 5152 1.jpg
Duplicate detected: /Users/mathiasboe/Projects/runecortex/images-and-video-folder-for-testing/test/25-01-01-12-26 AM-7728 x 5152 2.jpg is similar to /Users/mathiasboe/Projects/runecortex/images-and-video-folder-for-testing/25-01-01-12-26 AM-7728 x 5152 2.jpg
Duplicate detected: /Users/mathiasboe/Projects/runecortex/images-and-video-folder-for-testing/test/25-01-01-12-26 AM-7728 x 5152 3.jpg is similar to /Users/mathiasboe/Projects/runecortex/images-and-video-folder-for-testing/25-01-01-12-26 AM-7728 x 5152 3.jpg
Duplicate detected: /Users/mathiasboe/Projects/runecortex/images-and-video-folder-for-testing/test/25-01-01-12-26 AM-7728 x 5152 1.jpg is similar to /Users/mathiasboe/Projects/runecortex/images-and-video-folder-for-testing/25-01-01-12-26 AM-7728 x 5152 1.jpg
Duplicate detected: /Users/mathiasboe/Projects/runecortex/images-and-video-folder-for-testing/test/25-01-01-12-25 AM-7728 x 5152.jpg is similar to /Users/mathiasboe/Projects/runecortex/images-and-video-folder-for-testing/25-01-01-12-25 AM-7728 x 5152.jpg
Duplicate detected: /Users/mathiasboe/Projects/runecortex/images-and-video-folder-for-testing/test/25-01-01-12-26 AM-7728 x 5152.jpg is similar to /Users/mathiasboe/Projects/runecortex/images-and-video-folder-for-testing/25-01-01-12-26 AM-7728 x 5152.jpg
Performing periodic check for missed files...
Duplicate detected: /Users/mathiasboe/Projects/runecortex/images-and-video-folder-for-testing/test/25-01-01-12-27 AM-7728 x 5152 1.jpg is similar to /Users/mathiasboe/Projects/runecortex/images-and-video-folder-for-testing/25-01-01-12-27 AM-7728 x 5152 1.jpg
Duplicate detected: /Users/mathiasboe/Projects/runecortex/images-and-video-folder-for-testing/test/25-01-01-12-26 AM-7728 x 5152 2.jpg is similar to /Users/mathiasboe/Projects/runecortex/images-and-video-folder-for-testing/25-01-01-12-26 AM-7728 x 5152 2.jpg
Duplicate detected: /Users/mathiasboe/Projects/runecortex/images-and-video-folder-for-testing/test/25-01-01-12-26 AM-7728 x 5152 3.jpg is similar to /Users/mathiasboe/Projects/runecortex/images-and-video-folder-for-testing/25-01-01-12-26 AM-7728 x 5152 3.jpg
Duplicate detected: /Users/mathiasboe/Projects/runecortex/images-and-video-folder-for-testing/test/25-01-01-12-26 AM-7728 x 5152 1.jpg is similar to /Users/mathiasboe/Projects/runecortex/images-and-video-folder-for-testing/25-01-01-12-26 AM-7728 x 5152 1.jpg
Duplicate detected: /Users/mathiasboe/Projects/runecortex/images-and-video-folder-for-testing/test/25-01-01-12-25 AM-7728 x 5152.jpg is similar to /Users/mathiasboe/Projects/runecortex/images-and-video-folder-for-testing/25-01-01-12-25 AM-7728 x 5152.jpg
Duplicate detected: /Users/mathiasboe/Projects/runecortex/images-and-video-folder-for-testing/test/25-01-01-12-26 AM-7728 x 5152.jpg is similar to /Users/mathiasboe/Projects/runecortex/images-and-video-folder-for-testing/25-01-01-12-26 AM-7728 x 5152.jpg
Performing periodic check for missed files...
Duplicate detected: /Users/mathiasboe/Projects/runecortex/images-and-video-folder-for-testing/test/25-01-01-12-27 AM-7728 x 5152 1.jpg is similar to /Users/mathiasboe/Projects/runecortex/images-and-video-folder-for-testing/25-01-01-12-27 AM-7728 x 5152 1.jpg
Duplicate detected: /Users/mathiasboe/Projects/runecortex/images-and-video-folder-for-testing/test/25-01-01-12-26 AM-7728 x 5152 2.jpg is similar to /Users/mathiasboe/Projects/runecortex/images-and-video-folder-for-testing/25-01-01-12-26 AM-7728 x 5152 2.jpg
Duplicate detected: /Users/mathiasboe/Projects/runecortex/images-and-video-folder-for-testing/test/25-01-01-12-26 AM-7728 x 5152 3.jpg is similar to /Users/mathiasboe/Projects/runecortex/images-and-video-folder-for-testing/25-01-01-12-26 AM-7728 x 5152 3.jpg
Duplicate detected: /Users/mathiasboe/Projects/runecortex/images-and-video-folder-for-testing/test/25-01-01-12-26 AM-7728 x 5152 1.jpg is similar to /Users/mathiasboe/Projects/runecortex/images-and-video-folder-for-testing/25-01-01-12-26 AM-7728 x 5152 1.jpg
Duplicate detected: /Users/mathiasboe/Projects/runecortex/images-and-video-folder-for-testing/test/25-01-01-12-25 AM-7728 x 5152.jpg is similar to /Users/mathiasboe/Projects/runecortex/images-and-video-folder-for-testing/25-01-01-12-25 AM-7728 x 5152.jpg
Duplicate detected: /Users/mathiasboe/Projects/runecortex/images-and-video-folder-for-testing/test/25-01-01-12-26 AM-7728 x 5152.jpg is similar to /Users/mathiasboe/Projects/runecortex/images-and-video-folder-for-testing/25-01-01-12-26 AM-7728 x 5152.jpg
Performing periodic check for missed files...
Duplicate detected: /Users/mathiasboe/Projects/runecortex/images-and-video-folder-for-testing/test/25-01-01-12-27 AM-7728 x 5152 1.jpg is similar to /Users/mathiasboe/Projects/runecortex/images-and-video-folder-for-testing/25-01-01-12-27 AM-7728 x 5152 1.jpg
Duplicate detected: /Users/mathiasboe/Projects/runecortex/images-and-video-folder-for-testing/test/25-01-01-12-26 AM-7728 x 5152 2.jpg is similar to /Users/mathiasboe/Projects/runecortex/images-and-video-folder-for-testing/25-01-01-12-26 AM-7728 x 5152 2.jpg
Duplicate detected: /Users/mathiasboe/Projects/runecortex/images-and-video-folder-for-testing/test/25-01-01-12-26 AM-7728 x 5152 3.jpg is similar to /Users/mathiasboe/Projects/runecortex/images-and-video-folder-for-testing/25-01-01-12-26 AM-7728 x 5152 3.jpg
Duplicate detected: /Users/mathiasboe/Projects/runecortex/images-and-video-folder-for-testing/test/25-01-01-12-26 AM-7728 x 5152 1.jpg is similar to /Users/mathiasboe/Projects/runecortex/images-and-video-folder-for-testing/25-01-01-12-26 AM-7728 x 5152 1.jpg
Duplicate detected: /Users/mathiasboe/Projects/runecortex/images-and-video-folder-for-testing/test/25-01-01-12-25 AM-7728 x 5152.jpg is similar to /Users/mathiasboe/Projects/runecortex/images-and-video-folder-for-testing/25-01-01-12-25 AM-7728 x 5152.jpg
Duplicate detected: /Users/mathiasboe/Projects/runecortex/images-and-video-folder-for-testing/test/25-01-01-12-26 AM-7728 x 5152.jpg is similar to /Users/mathiasboe/Projects/runecortex/images-and-video-folder-for-testing/25-01-01-12-26 AM-7728 x 5152.jpg
Performing periodic check for missed files...
Duplicate detected: /Users/mathiasboe/Projects/runecortex/images-and-video-folder-for-testing/test/25-01-01-12-27 AM-7728 x 5152 1.jpg is similar to /Users/mathiasboe/Projects/runecortex/images-and-video-folder-for-testing/25-01-01-12-27 AM-7728 x 5152 1.jpg
Duplicate detected: /Users/mathiasboe/Projects/runecortex/images-and-video-folder-for-testing/test/25-01-01-12-26 AM-7728 x 5152 2.jpg is similar to /Users/mathiasboe/Projects/runecortex/images-and-video-folder-for-testing/25-01-01-12-26 AM-7728 x 5152 2.jpg
Duplicate detected: /Users/mathiasboe/Projects/runecortex/images-and-video-folder-for-testing/test/25-01-01-12-26 AM-7728 x 5152 3.jpg is similar to /Users/mathiasboe/Projects/runecortex/images-and-video-folder-for-testing/25-01-01-12-26 AM-7728 x 5152 3.jpg
Duplicate detected: /Users/mathiasboe/Projects/runecortex/images-and-video-folder-for-testing/test/25-01-01-12-26 AM-7728 x 5152 1.jpg is similar to /Users/mathiasboe/Projects/runecortex/images-and-video-folder-for-testing/25-01-01-12-26 AM-7728 x 5152 1.jpg
Duplicate detected: /Users/mathiasboe/Projects/runecortex/images-and-video-folder-for-testing/test/25-01-01-12-25 AM-7728 x 5152.jpg is similar to /Users/mathiasboe/Projects/runecortex/images-and-video-folder-for-testing/25-01-01-12-25 AM-7728 x 5152.jpg
Duplicate detected: /Users/mathiasboe/Projects/runecortex/images-and-video-folder-for-testing/test/25-01-01-12-26 AM-7728 x 5152.jpg is similar to /Users/mathiasboe/Projects/runecortex/images-and-video-folder-for-testing/25-01-01-12-26 AM-7728 x 5152.jpg
Performing periodic check for missed files...
Duplicate detected: /Users/mathiasboe/Projects/runecortex/images-and-video-folder-for-testing/test/25-01-01-12-27 AM-7728 x 5152 1.jpg is similar to /Users/mathiasboe/Projects/runecortex/images-and-video-folder-for-testing/25-01-01-12-27 AM-7728 x 5152 1.jpg
Duplicate detected: /Users/mathiasboe/Projects/runecortex/images-and-video-folder-for-testing/test/25-01-01-12-26 AM-7728 x 5152 2.jpg is similar to /Users/mathiasboe/Projects/runecortex/images-and-video-folder-for-testing/25-01-01-12-26 AM-7728 x 5152 2.jpg
Duplicate detected: /Users/mathiasboe/Projects/runecortex/images-and-video-folder-for-testing/test/25-01-01-12-26 AM-7728 x 5152 3.jpg is similar to /Users/mathiasboe/Projects/runecortex/images-and-video-folder-for-testing/25-01-01-12-26 AM-7728 x 5152 3.jpg
Duplicate detected: /Users/mathiasboe/Projects/runecortex/images-and-video-folder-for-testing/test/25-01-01-12-26 AM-7728 x 5152 1.jpg is similar to /Users/mathiasboe/Projects/runecortex/images-and-video-folder-for-testing/25-01-01-12-26 AM-7728 x 5152 1.jpg
Duplicate detected: /Users/mathiasboe/Projects/runecortex/images-and-video-folder-for-testing/test/25-01-01-12-25 AM-7728 x 5152.jpg is similar to /Users/mathiasboe/Projects/runecortex/images-and-video-folder-for-testing/25-01-01-12-25 AM-7728 x 5152.jpg
Duplicate detected: /Users/mathiasboe/Projects/runecortex/images-and-video-folder-for-testing/test/25-01-01-12-26 AM-7728 x 5152.jpg is similar to /Users/mathiasboe/Projects/runecortex/images-and-video-folder-for-testing/25-01-01-12-26 AM-7728 x 5152.jpg
Performing periodic check for missed files...
Duplicate detected: /Users/mathiasboe/Projects/runecortex/images-and-video-folder-for-testing/test/25-01-01-12-27 AM-7728 x 5152 1.jpg is similar to /Users/mathiasboe/Projects/runecortex/images-and-video-folder-for-testing/25-01-01-12-27 AM-7728 x 5152 1.jpg
Duplicate detected: /Users/mathiasboe/Projects/runecortex/images-and-video-folder-for-testing/test/25-01-01-12-26 AM-7728 x 5152 2.jpg is similar to /Users/mathiasboe/Projects/runecortex/images-and-video-folder-for-testing/25-01-01-12-26 AM-7728 x 5152 2.jpg
Duplicate detected: /Users/mathiasboe/Projects/runecortex/images-and-video-folder-for-testing/test/25-01-01-12-26 AM-7728 x 5152 3.jpg is similar to /Users/mathiasboe/Projects/runecortex/images-and-video-folder-for-testing/25-01-01-12-26 AM-7728 x 5152 3.jpg
Duplicate detected: /Users/mathiasboe/Projects/runecortex/images-and-video-folder-for-testing/test/25-01-01-12-26 AM-7728 x 5152 1.jpg is similar to /Users/mathiasboe/Projects/runecortex/images-and-video-folder-for-testing/25-01-01-12-26 AM-7728 x 5152 1.jpg
Duplicate detected: /Users/mathiasboe/Projects/runecortex/images-and-video-folder-for-testing/test/25-01-01-12-25 AM-7728 x 5152.jpg is similar to /Users/mathiasboe/Projects/runecortex/images-and-video-folder-for-testing/25-01-01-12-25 AM-7728 x 5152.jpg
Duplicate detected: /Users/mathiasboe/Projects/runecortex/images-and-video-folder-for-testing/test/25-01-01-12-26 AM-7728 x 5152.jpg is similar to /Users/mathiasboe/Projects/runecortex/images-and-video-folder-for-testing/25-01-01-12-26 AM-7728 x 5152.jpg
Performing periodic check for missed files...
Duplicate detected: /Users/mathiasboe/Projects/runecortex/images-and-video-folder-for-testing/test/25-01-01-12-27 AM-7728 x 5152 1.jpg is similar to /Users/mathiasboe/Projects/runecortex/images-and-video-folder-for-testing/25-01-01-12-27 AM-7728 x 5152 1.jpg
Duplicate detected: /Users/mathiasboe/Projects/runecortex/images-and-video-folder-for-testing/test/25-01-01-12-26 AM-7728 x 5152 2.jpg is similar to /Users/mathiasboe/Projects/runecortex/images-and-video-folder-for-testing/25-01-01-12-26 AM-7728 x 5152 2.jpg
Duplicate detected: /Users/mathiasboe/Projects/runecortex/images-and-video-folder-for-testing/test/25-01-01-12-26 AM-7728 x 5152 3.jpg is similar to /Users/mathiasboe/Projects/runecortex/images-and-video-folder-for-testing/25-01-01-12-26 AM-7728 x 5152 3.jpg
Duplicate detected: /Users/mathiasboe/Projects/runecortex/images-and-video-folder-for-testing/test/25-01-01-12-26 AM-7728 x 5152 1.jpg is similar to /Users/mathiasboe/Projects/runecortex/images-and-video-folder-for-testing/25-01-01-12-26 AM-7728 x 5152 1.jpg
Duplicate detected: /Users/mathiasboe/Projects/runecortex/images-and-video-folder-for-testing/test/25-01-01-12-25 AM-7728 x 5152.jpg is similar to /Users/mathiasboe/Projects/runecortex/images-and-video-folder-for-testing/25-01-01-12-25 AM-7728 x 5152.jpg
Duplicate detected: /Users/mathiasboe/Projects/runecortex/images-and-video-folder-for-testing/test/25-01-01-12-26 AM-7728 x 5152.jpg is similar to /Users/mathiasboe/Projects/runecortex/images-and-video-folder-for-testing/25-01-01-12-26 AM-7728 x 5152.jpg
Performing periodic check for missed files...
Duplicate detected: /Users/mathiasboe/Projects/runecortex/images-and-video-folder-for-testing/test/25-01-01-12-27 AM-7728 x 5152 1.jpg is similar to /Users/mathiasboe/Projects/runecortex/images-and-video-folder-for-testing/25-01-01-12-27 AM-7728 x 5152 1.jpg
Duplicate detected: /Users/mathiasboe/Projects/runecortex/images-and-video-folder-for-testing/test/25-01-01-12-26 AM-7728 x 5152 2.jpg is similar to /Users/mathiasboe/Projects/runecortex/images-and-video-folder-for-testing/25-01-01-12-26 AM-7728 x 5152 2.jpg
Duplicate detected: /Users/mathiasboe/Projects/runecortex/images-and-video-folder-for-testing/test/25-01-01-12-26 AM-7728 x 5152 3.jpg is similar to /Users/mathiasboe/Projects/runecortex/images-and-video-folder-for-testing/25-01-01-12-26 AM-7728 x 5152 3.jpg
Duplicate detected: /Users/mathiasboe/Projects/runecortex/images-and-video-folder-for-testing/test/25-01-01-12-26 AM-7728 x 5152 1.jpg is similar to /Users/mathiasboe/Projects/runecortex/images-and-video-folder-for-testing/25-01-01-12-26 AM-7728 x 5152 1.jpg
Duplicate detected: /Users/mathiasboe/Projects/runecortex/images-and-video-folder-for-testing/test/25-01-01-12-25 AM-7728 x 5152.jpg is similar to /Users/mathiasboe/Projects/runecortex/images-and-video-folder-for-testing/25-01-01-12-25 AM-7728 x 5152.jpg
Duplicate detected: /Users/mathiasboe/Projects/runecortex/images-and-video-folder-for-testing/test/25-01-01-12-26 AM-7728 x 5152.jpg is similar to /Users/mathiasboe/Projects/runecortex/images-and-video-folder-for-testing/25-01-01-12-26 AM-7728 x 5152.jpg
Performing periodic check for missed files...
Duplicate detected: /Users/mathiasboe/Projects/runecortex/images-and-video-folder-for-testing/test/25-01-01-12-27 AM-7728 x 5152 1.jpg is similar to /Users/mathiasboe/Projects/runecortex/images-and-video-folder-for-testing/25-01-01-12-27 AM-7728 x 5152 1.jpg
Duplicate detected: /Users/mathiasboe/Projects/runecortex/images-and-video-folder-for-testing/test/25-01-01-12-26 AM-7728 x 5152 2.jpg is similar to /Users/mathiasboe/Projects/runecortex/images-and-video-folder-for-testing/25-01-01-12-26 AM-7728 x 5152 2.jpg
Duplicate detected: /Users/mathiasboe/Projects/runecortex/images-and-video-folder-for-testing/test/25-01-01-12-26 AM-7728 x 5152 3.jpg is similar to /Users/mathiasboe/Projects/runecortex/images-and-video-folder-for-testing/25-01-01-12-26 AM-7728 x 5152 3.jpg
Duplicate detected: /Users/mathiasboe/Projects/runecortex/images-and-video-folder-for-testing/test/25-01-01-12-26 AM-7728 x 5152 1.jpg is similar to /Users/mathiasboe/Projects/runecortex/images-and-video-folder-for-testing/25-01-01-12-26 AM-7728 x 5152 1.jpg
Duplicate detected: /Users/mathiasboe/Projects/runecortex/images-and-video-folder-for-testing/test/25-01-01-12-25 AM-7728 x 5152.jpg is similar to /Users/mathiasboe/Projects/runecortex/images-and-video-folder-for-testing/25-01-01-12-25 AM-7728 x 5152.jpg
Duplicate detected: /Users/mathiasboe/Projects/runecortex/images-and-video-folder-for-testing/test/25-01-01-12-26 AM-7728 x 5152.jpg is similar to /Users/mathiasboe/Projects/runecortex/images-and-video-folder-for-testing/25-01-01-12-26 AM-7728 x 5152.jpg
Performing periodic check for missed files...
Duplicate detected: /Users/mathiasboe/Projects/runecortex/images-and-video-folder-for-testing/test/25-01-01-12-27 AM-7728 x 5152 1.jpg is similar to /Users/mathiasboe/Projects/runecortex/images-and-video-folder-for-testing/25-01-01-12-27 AM-7728 x 5152 1.jpg
Duplicate detected: /Users/mathiasboe/Projects/runecortex/images-and-video-folder-for-testing/test/25-01-01-12-26 AM-7728 x 5152 2.jpg is similar to /Users/mathiasboe/Projects/runecortex/images-and-video-folder-for-testing/25-01-01-12-26 AM-7728 x 5152 2.jpg
Duplicate detected: /Users/mathiasboe/Projects/runecortex/images-and-video-folder-for-testing/test/25-01-01-12-26 AM-7728 x 5152 3.jpg is similar to /Users/mathiasboe/Projects/runecortex/images-and-video-folder-for-testing/25-01-01-12-26 AM-7728 x 5152 3.jpg
Duplicate detected: /Users/mathiasboe/Projects/runecortex/images-and-video-folder-for-testing/test/25-01-01-12-26 AM-7728 x 5152 1.jpg is similar to /Users/mathiasboe/Projects/runecortex/images-and-video-folder-for-testing/25-01-01-12-26 AM-7728 x 5152 1.jpg
Duplicate detected: /Users/mathiasboe/Projects/runecortex/images-and-video-folder-for-testing/test/25-01-01-12-25 AM-7728 x 5152.jpg is similar to /Users/mathiasboe/Projects/runecortex/images-and-video-folder-for-testing/25-01-01-12-25 AM-7728 x 5152.jpg
Duplicate detected: /Users/mathiasboe/Projects/runecortex/images-and-video-folder-for-testing/test/25-01-01-12-26 AM-7728 x 5152.jpg is similar to /Users/mathiasboe/Projects/runecortex/images-and-video-folder-for-testing/25-01-01-12-26 AM-7728 x 5152.jpg
Performing periodic check for missed files...
Duplicate detected: /Users/mathiasboe/Projects/runecortex/images-and-video-folder-for-testing/test/25-01-01-12-27 AM-7728 x 5152 1.jpg is similar to /Users/mathiasboe/Projects/runecortex/images-and-video-folder-for-testing/25-01-01-12-27 AM-7728 x 5152 1.jpg
Duplicate detected: /Users/mathiasboe/Projects/runecortex/images-and-video-folder-for-testing/test/25-01-01-12-26 AM-7728 x 5152 2.jpg is similar to /Users/mathiasboe/Projects/runecortex/images-and-video-folder-for-testing/25-01-01-12-26 AM-7728 x 5152 2.jpg
Duplicate detected: /Users/mathiasboe/Projects/runecortex/images-and-video-folder-for-testing/test/25-01-01-12-26 AM-7728 x 5152 3.jpg is similar to /Users/mathiasboe/Projects/runecortex/images-and-video-folder-for-testing/25-01-01-12-26 AM-7728 x 5152 3.jpg
Duplicate detected: /Users/mathiasboe/Projects/runecortex/images-and-video-folder-for-testing/test/25-01-01-12-26 AM-7728 x 5152 1.jpg is similar to /Users/mathiasboe/Projects/runecortex/images-and-video-folder-for-testing/25-01-01-12-26 AM-7728 x 5152 1.jpg
Duplicate detected: /Users/mathiasboe/Projects/runecortex/images-and-video-folder-for-testing/test/25-01-01-12-25 AM-7728 x 5152.jpg is similar to /Users/mathiasboe/Projects/runecortex/images-and-video-folder-for-testing/25-01-01-12-25 AM-7728 x 5152.jpg
Duplicate detected: /Users/mathiasboe/Projects/runecortex/images-and-video-folder-for-testing/test/25-01-01-12-26 AM-7728 x 5152.jpg is similar to /Users/mathiasboe/Projects/runecortex/images-and-video-folder-for-testing/25-01-01-12-26 AM-7728 x 5152.jpg
Performing periodic check for missed files...
Duplicate detected: /Users/mathiasboe/Projects/runecortex/images-and-video-folder-for-testing/test/25-01-01-12-27 AM-7728 x 5152 1.jpg is similar to /Users/mathiasboe/Projects/runecortex/images-and-video-folder-for-testing/25-01-01-12-27 AM-7728 x 5152 1.jpg
Duplicate detected: /Users/mathiasboe/Projects/runecortex/images-and-video-folder-for-testing/test/25-01-01-12-26 AM-7728 x 5152 2.jpg is similar to /Users/mathiasboe/Projects/runecortex/images-and-video-folder-for-testing/25-01-01-12-26 AM-7728 x 5152 2.jpg
Duplicate detected: /Users/mathiasboe/Projects/runecortex/images-and-video-folder-for-testing/test/25-01-01-12-26 AM-7728 x 5152 3.jpg is similar to /Users/mathiasboe/Projects/runecortex/images-and-video-folder-for-testing/25-01-01-12-26 AM-7728 x 5152 3.jpg
Duplicate detected: /Users/mathiasboe/Projects/runecortex/images-and-video-folder-for-testing/test/25-01-01-12-26 AM-7728 x 5152 1.jpg is similar to /Users/mathiasboe/Projects/runecortex/images-and-video-folder-for-testing/25-01-01-12-26 AM-7728 x 5152 1.jpg
Duplicate detected: /Users/mathiasboe/Projects/runecortex/images-and-video-folder-for-testing/test/25-01-01-12-25 AM-7728 x 5152.jpg is similar to /Users/mathiasboe/Projects/runecortex/images-and-video-folder-for-testing/25-01-01-12-25 AM-7728 x 5152.jpg
Duplicate detected: /Users/mathiasboe/Projects/runecortex/images-and-video-folder-for-testing/test/25-01-01-12-26 AM-7728 x 5152.jpg is similar to /Users/mathiasboe/Projects/runecortex/images-and-video-folder-for-testing/25-01-01-12-26 AM-7728 x 5152.jpg
Performing periodic check for missed files...
Duplicate detected: /Users/mathiasboe/Projects/runecortex/images-and-video-folder-for-testing/test/25-01-01-12-27 AM-7728 x 5152 1.jpg is similar to /Users/mathiasboe/Projects/runecortex/images-and-video-folder-for-testing/25-01-01-12-27 AM-7728 x 5152 1.jpg
Duplicate detected: /Users/mathiasboe/Projects/runecortex/images-and-video-folder-for-testing/test/25-01-01-12-26 AM-7728 x 5152 2.jpg is similar to /Users/mathiasboe/Projects/runecortex/images-and-video-folder-for-testing/25-01-01-12-26 AM-7728 x 5152 2.jpg
Duplicate detected: /Users/mathiasboe/Projects/runecortex/images-and-video-folder-for-testing/test/25-01-01-12-26 AM-7728 x 5152 3.jpg is similar to /Users/mathiasboe/Projects/runecortex/images-and-video-folder-for-testing/25-01-01-12-26 AM-7728 x 5152 3.jpg
Duplicate detected: /Users/mathiasboe/Projects/runecortex/images-and-video-folder-for-testing/test/25-01-01-12-26 AM-7728 x 5152 1.jpg is similar to /Users/mathiasboe/Projects/runecortex/images-and-video-folder-for-testing/25-01-01-12-26 AM-7728 x 5152 1.jpg
Duplicate detected: /Users/mathiasboe/Projects/runecortex/images-and-video-folder-for-testing/test/25-01-01-12-25 AM-7728 x 5152.jpg is similar to /Users/mathiasboe/Projects/runecortex/images-and-video-folder-for-testing/25-01-01-12-25 AM-7728 x 5152.jpg
Duplicate detected: /Users/mathiasboe/Projects/runecortex/images-and-video-folder-for-testing/test/25-01-01-12-26 AM-7728 x 5152.jpg is similar to /Users/mathiasboe/Projects/runecortex/images-and-video-folder-for-testing/25-01-01-12-26 AM-7728 x 5152.jpg
Performing periodic check for missed files...
Duplicate detected: /Users/mathiasboe/Projects/runecortex/images-and-video-folder-for-testing/test/25-01-01-12-27 AM-7728 x 5152 1.jpg is similar to /Users/mathiasboe/Projects/runecortex/images-and-video-folder-for-testing/25-01-01-12-27 AM-7728 x 5152 1.jpg
Duplicate detected: /Users/mathiasboe/Projects/runecortex/images-and-video-folder-for-testing/test/25-01-01-12-26 AM-7728 x 5152 2.jpg is similar to /Users/mathiasboe/Projects/runecortex/images-and-video-folder-for-testing/25-01-01-12-26 AM-7728 x 5152 2.jpg
Duplicate detected: /Users/mathiasboe/Projects/runecortex/images-and-video-folder-for-testing/test/25-01-01-12-26 AM-7728 x 5152 3.jpg is similar to /Users/mathiasboe/Projects/runecortex/images-and-video-folder-for-testing/25-01-01-12-26 AM-7728 x 5152 3.jpg
Duplicate detected: /Users/mathiasboe/Projects/runecortex/images-and-video-folder-for-testing/test/25-01-01-12-26 AM-7728 x 5152 1.jpg is similar to /Users/mathiasboe/Projects/runecortex/images-and-video-folder-for-testing/25-01-01-12-26 AM-7728 x 5152 1.jpg
Duplicate detected: /Users/mathiasboe/Projects/runecortex/images-and-video-folder-for-testing/test/25-01-01-12-25 AM-7728 x 5152.jpg is similar to /Users/mathiasboe/Projects/runecortex/images-and-video-folder-for-testing/25-01-01-12-25 AM-7728 x 5152.jpg
Duplicate detected: /Users/mathiasboe/Projects/runecortex/images-and-video-folder-for-testing/test/25-01-01-12-26 AM-7728 x 5152.jpg is similar to /Users/mathiasboe/Projects/runecortex/images-and-video-folder-for-testing/25-01-01-12-26 AM-7728 x 5152.jpg
Performing periodic check for missed files...
Duplicate detected: /Users/mathiasboe/Projects/runecortex/images-and-video-folder-for-testing/test/25-01-01-12-27 AM-7728 x 5152 1.jpg is similar to /Users/mathiasboe/Projects/runecortex/images-and-video-folder-for-testing/25-01-01-12-27 AM-7728 x 5152 1.jpg
Duplicate detected: /Users/mathiasboe/Projects/runecortex/images-and-video-folder-for-testing/test/25-01-01-12-26 AM-7728 x 5152 2.jpg is similar to /Users/mathiasboe/Projects/runecortex/images-and-video-folder-for-testing/25-01-01-12-26 AM-7728 x 5152 2.jpg
Duplicate detected: /Users/mathiasboe/Projects/runecortex/images-and-video-folder-for-testing/test/25-01-01-12-26 AM-7728 x 5152 3.jpg is similar to /Users/mathiasboe/Projects/runecortex/images-and-video-folder-for-testing/25-01-01-12-26 AM-7728 x 5152 3.jpg
Duplicate detected: /Users/mathiasboe/Projects/runecortex/images-and-video-folder-for-testing/test/25-01-01-12-26 AM-7728 x 5152 1.jpg is similar to /Users/mathiasboe/Projects/runecortex/images-and-video-folder-for-testing/25-01-01-12-26 AM-7728 x 5152 1.jpg
Duplicate detected: /Users/mathiasboe/Projects/runecortex/images-and-video-folder-for-testing/test/25-01-01-12-25 AM-7728 x 5152.jpg is similar to /Users/mathiasboe/Projects/runecortex/images-and-video-folder-for-testing/25-01-01-12-25 AM-7728 x 5152.jpg
Duplicate detected: /Users/mathiasboe/Projects/runecortex/images-and-video-folder-for-testing/test/25-01-01-12-26 AM-7728 x 5152.jpg is similar to /Users/mathiasboe/Projects/runecortex/images-and-video-folder-for-testing/25-01-01-12-26 AM-7728 x 5152.jpg
Performing periodic check for missed files...
Duplicate detected: /Users/mathiasboe/Projects/runecortex/images-and-video-folder-for-testing/test/25-01-01-12-27 AM-7728 x 5152 1.jpg is similar to /Users/mathiasboe/Projects/runecortex/images-and-video-folder-for-testing/25-01-01-12-27 AM-7728 x 5152 1.jpg
Duplicate detected: /Users/mathiasboe/Projects/runecortex/images-and-video-folder-for-testing/test/25-01-01-12-26 AM-7728 x 5152 2.jpg is similar to /Users/mathiasboe/Projects/runecortex/images-and-video-folder-for-testing/25-01-01-12-26 AM-7728 x 5152 2.jpg
Duplicate detected: /Users/mathiasboe/Projects/runecortex/images-and-video-folder-for-testing/test/25-01-01-12-26 AM-7728 x 5152 3.jpg is similar to /Users/mathiasboe/Projects/runecortex/images-and-video-folder-for-testing/25-01-01-12-26 AM-7728 x 5152 3.jpg
Duplicate detected: /Users/mathiasboe/Projects/runecortex/images-and-video-folder-for-testing/test/25-01-01-12-26 AM-7728 x 5152 1.jpg is similar to /Users/mathiasboe/Projects/runecortex/images-and-video-folder-for-testing/25-01-01-12-26 AM-7728 x 5152 1.jpg
Duplicate detected: /Users/mathiasboe/Projects/runecortex/images-and-video-folder-for-testing/test/25-01-01-12-25 AM-7728 x 5152.jpg is similar to /Users/mathiasboe/Projects/runecortex/images-and-video-folder-for-testing/25-01-01-12-25 AM-7728 x 5152.jpg
Duplicate detected: /Users/mathiasboe/Projects/runecortex/images-and-video-folder-for-testing/test/25-01-01-12-26 AM-7728 x 5152.jpg is similar to /Users/mathiasboe/Projects/runecortex/images-and-video-folder-for-testing/25-01-01-12-26 AM-7728 x 5152.jpg
Updated streaming folder: 2 items (currently playing: null)
Performing periodic check for missed files...
Duplicate detected: /Users/mathiasboe/Projects/runecortex/images-and-video-folder-for-testing/test/25-01-01-12-27 AM-7728 x 5152 1.jpg is similar to /Users/mathiasboe/Projects/runecortex/images-and-video-folder-for-testing/25-01-01-12-27 AM-7728 x 5152 1.jpg
Duplicate detected: /Users/mathiasboe/Projects/runecortex/images-and-video-folder-for-testing/test/25-01-01-12-26 AM-7728 x 5152 2.jpg is similar to /Users/mathiasboe/Projects/runecortex/images-and-video-folder-for-testing/25-01-01-12-26 AM-7728 x 5152 2.jpg
Duplicate detected: /Users/mathiasboe/Projects/runecortex/images-and-video-folder-for-testing/test/25-01-01-12-26 AM-7728 x 5152 3.jpg is similar to /Users/mathiasboe/Projects/runecortex/images-and-video-folder-for-testing/25-01-01-12-26 AM-7728 x 5152 3.jpg
Duplicate detected: /Users/mathiasboe/Projects/runecortex/images-and-video-folder-for-testing/test/25-01-01-12-26 AM-7728 x 5152 1.jpg is similar to /Users/mathiasboe/Projects/runecortex/images-and-video-folder-for-testing/25-01-01-12-26 AM-7728 x 5152 1.jpg
Duplicate detected: /Users/mathiasboe/Projects/runecortex/images-and-video-folder-for-testing/test/25-01-01-12-25 AM-7728 x 5152.jpg is similar to /Users/mathiasboe/Projects/runecortex/images-and-video-folder-for-testing/25-01-01-12-25 AM-7728 x 5152.jpg
Duplicate detected: /Users/mathiasboe/Projects/runecortex/images-and-video-folder-for-testing/test/25-01-01-12-26 AM-7728 x 5152.jpg is similar to /Users/mathiasboe/Projects/runecortex/images-and-video-folder-for-testing/25-01-01-12-26 AM-7728 x 5152.jpg
Updated streaming folder: 2 items (currently playing: null)
Stopping media watcher...
Starting media watcher...
Watching directory: /Users/mathiasboe/Projects/runecortex/images-and-video-folder-for-testing
Performing initial scan of watch directories...
Stopping media watcher...
Starting media watcher...
Watching directory: /Users/mathiasboe/Projects/runecortex/images-and-video-folder-for-testing
Performing initial scan of watch directories...
Duplicate detected: /Users/mathiasboe/Projects/runecortex/images-and-video-folder-for-testing/test/25-01-01-12-27 AM-7728 x 5152 1.jpg is similar to /Users/mathiasboe/Projects/runecortex/images-and-video-folder-for-testing/25-01-01-12-27 AM-7728 x 5152 1.jpg
Duplicate detected: /Users/mathiasboe/Projects/runecortex/images-and-video-folder-for-testing/test/25-01-01-12-27 AM-7728 x 5152 1.jpg is similar to /Users/mathiasboe/Projects/runecortex/images-and-video-folder-for-testing/25-01-01-12-27 AM-7728 x 5152 1.jpg
Duplicate detected: /Users/mathiasboe/Projects/runecortex/images-and-video-folder-for-testing/test/25-01-01-12-26 AM-7728 x 5152 2.jpg is similar to /Users/mathiasboe/Projects/runecortex/images-and-video-folder-for-testing/25-01-01-12-26 AM-7728 x 5152 2.jpg
Duplicate detected: /Users/mathiasboe/Projects/runecortex/images-and-video-folder-for-testing/test/25-01-01-12-26 AM-7728 x 5152 2.jpg is similar to /Users/mathiasboe/Projects/runecortex/images-and-video-folder-for-testing/25-01-01-12-26 AM-7728 x 5152 2.jpg
Duplicate detected: /Users/mathiasboe/Projects/runecortex/images-and-video-folder-for-testing/test/25-01-01-12-26 AM-7728 x 5152 3.jpg is similar to /Users/mathiasboe/Projects/runecortex/images-and-video-folder-for-testing/25-01-01-12-26 AM-7728 x 5152 3.jpg
Duplicate detected: /Users/mathiasboe/Projects/runecortex/images-and-video-folder-for-testing/test/25-01-01-12-26 AM-7728 x 5152 1.jpg is similar to /Users/mathiasboe/Projects/runecortex/images-and-video-folder-for-testing/25-01-01-12-26 AM-7728 x 5152 1.jpg
Duplicate detected: /Users/mathiasboe/Projects/runecortex/images-and-video-folder-for-testing/test/25-01-01-12-26 AM-7728 x 5152 3.jpg is similar to /Users/mathiasboe/Projects/runecortex/images-and-video-folder-for-testing/25-01-01-12-26 AM-7728 x 5152 3.jpg
Duplicate detected: /Users/mathiasboe/Projects/runecortex/images-and-video-folder-for-testing/test/25-01-01-12-26 AM-7728 x 5152 1.jpg is similar to /Users/mathiasboe/Projects/runecortex/images-and-video-folder-for-testing/25-01-01-12-26 AM-7728 x 5152 1.jpg
Duplicate detected: /Users/mathiasboe/Projects/runecortex/images-and-video-folder-for-testing/test/25-01-01-12-25 AM-7728 x 5152.jpg is similar to /Users/mathiasboe/Projects/runecortex/images-and-video-folder-for-testing/25-01-01-12-25 AM-7728 x 5152.jpg
Duplicate detected: /Users/mathiasboe/Projects/runecortex/images-and-video-folder-for-testing/test/25-01-01-12-26 AM-7728 x 5152.jpg is similar to /Users/mathiasboe/Projects/runecortex/images-and-video-folder-for-testing/25-01-01-12-26 AM-7728 x 5152.jpg
Duplicate detected: /Users/mathiasboe/Projects/runecortex/images-and-video-folder-for-testing/test/25-01-01-12-25 AM-7728 x 5152.jpg is similar to /Users/mathiasboe/Projects/runecortex/images-and-video-folder-for-testing/25-01-01-12-25 AM-7728 x 5152.jpg
Duplicate detected: /Users/mathiasboe/Projects/runecortex/images-and-video-folder-for-testing/test/25-01-01-12-26 AM-7728 x 5152.jpg is similar to /Users/mathiasboe/Projects/runecortex/images-and-video-folder-for-testing/25-01-01-12-26 AM-7728 x 5152.jpg
Updating streaming folder with 1 media IDs: [ 42 ]
Found 1 complete media items in database
Updated streaming folder: 1 items (currently playing: null)
Updated streaming folder with 1 items. Server status: {
  totalItems: 1,
  currentlyPlaying: null,
  items: [
    {
      id: 42,
      filename: "SANY0013.MP4",
      isCurrentlyPlaying: false,
    }
  ],
}
ThumbnailQueue: Added 6 items to queue. Total in queue: 6
ThumbnailQueue: Waiting 10 second(s) before processing...
Initial scan complete. Thumbnail queue status: waiting, queued: 6
Changed watch path to: /Users/mathiasboe/Projects/runecortex/images-and-video-folder-for-testing
ThumbnailQueue: Added 0 items to queue. Total in queue: 6
ThumbnailQueue: Waiting 10 second(s) before processing...
Initial scan complete. Thumbnail queue status: waiting, queued: 6
Changed watch path to: /Users/mathiasboe/Projects/runecortex/images-and-video-folder-for-testing
ThumbnailQueue: Starting processing of 6 items
ThumbnailQueue: Error processing item 233: 71 | 
72 |     // Check if source file exists
73 |     try {
74 |       await access(item.filepath, constants.F_OK);
75 |     } catch {
76 |       throw new Error(`Source file not found: ${item.filepath}`);
                 ^
error: Source file not found: /Users/mathiasboe/Projects/runecortex/images-and-video-folder-for-testing/25-01-01-12-26 AM-7728 x 5152 1.jpg
      at generateForMediaItem (/Users/mathiasboe/Projects/runecortex/stash-clone/backend/src/services/thumbnail.ts:76:13)

ThumbnailQueue: Error processing item 234: 71 | 
72 |     // Check if source file exists
73 |     try {
74 |       await access(item.filepath, constants.F_OK);
75 |     } catch {
76 |       throw new Error(`Source file not found: ${item.filepath}`);
                 ^
error: Source file not found: /Users/mathiasboe/Projects/runecortex/images-and-video-folder-for-testing/25-01-01-12-26 AM-7728 x 5152 2.jpg
      at generateForMediaItem (/Users/mathiasboe/Projects/runecortex/stash-clone/backend/src/services/thumbnail.ts:76:13)

ThumbnailQueue: Error processing item 235: 71 | 
72 |     // Check if source file exists
73 |     try {
74 |       await access(item.filepath, constants.F_OK);
75 |     } catch {
76 |       throw new Error(`Source file not found: ${item.filepath}`);
                 ^
error: Source file not found: /Users/mathiasboe/Projects/runecortex/images-and-video-folder-for-testing/25-01-01-12-26 AM-7728 x 5152 3.jpg
      at generateForMediaItem (/Users/mathiasboe/Projects/runecortex/stash-clone/backend/src/services/thumbnail.ts:76:13)

ThumbnailQueue: Error processing item 232: 71 | 
72 |     // Check if source file exists
73 |     try {
74 |       await access(item.filepath, constants.F_OK);
75 |     } catch {
76 |       throw new Error(`Source file not found: ${item.filepath}`);
                 ^
error: Source file not found: /Users/mathiasboe/Projects/runecortex/images-and-video-folder-for-testing/25-01-01-12-25 AM-7728 x 5152.jpg
      at generateForMediaItem (/Users/mathiasboe/Projects/runecortex/stash-clone/backend/src/services/thumbnail.ts:76:13)

ThumbnailQueue: Error processing item 236: 71 | 
72 |     // Check if source file exists
73 |     try {
74 |       await access(item.filepath, constants.F_OK);
75 |     } catch {
76 |       throw new Error(`Source file not found: ${item.filepath}`);
                 ^
error: Source file not found: /Users/mathiasboe/Projects/runecortex/images-and-video-folder-for-testing/25-01-01-12-26 AM-7728 x 5152.jpg
      at generateForMediaItem (/Users/mathiasboe/Projects/runecortex/stash-clone/backend/src/services/thumbnail.ts:76:13)

ThumbnailQueue: Error processing item 238: 71 | 
72 |     // Check if source file exists
73 |     try {
74 |       await access(item.filepath, constants.F_OK);
75 |     } catch {
76 |       throw new Error(`Source file not found: ${item.filepath}`);
                 ^
error: Source file not found: /Users/mathiasboe/Projects/runecortex/images-and-video-folder-for-testing/25-01-01-12-27 AM-7728 x 5152 1.jpg
      at generateForMediaItem (/Users/mathiasboe/Projects/runecortex/stash-clone/backend/src/services/thumbnail.ts:76:13)

ThumbnailQueue: Batch complete. Processed: 0, Skipped: 0, Failed: 6
ThumbnailQueue: Queue empty, returning to idle
Performing periodic check for missed files...
Performing periodic check for missed files...
Duplicate detected: /Users/mathiasboe/Projects/runecortex/images-and-video-folder-for-testing/test/25-01-01-12-27 AM-7728 x 5152 1.jpg is similar to /Users/mathiasboe/Projects/runecortex/images-and-video-folder-for-testing/25-01-01-12-27 AM-7728 x 5152 1.jpg
Duplicate detected: /Users/mathiasboe/Projects/runecortex/images-and-video-folder-for-testing/test/25-01-01-12-27 AM-7728 x 5152 1.jpg is similar to /Users/mathiasboe/Projects/runecortex/images-and-video-folder-for-testing/25-01-01-12-27 AM-7728 x 5152 1.jpg
Duplicate detected: /Users/mathiasboe/Projects/runecortex/images-and-video-folder-for-testing/test/25-01-01-12-26 AM-7728 x 5152 2.jpg is similar to /Users/mathiasboe/Projects/runecortex/images-and-video-folder-for-testing/25-01-01-12-26 AM-7728 x 5152 2.jpg
Duplicate detected: /Users/mathiasboe/Projects/runecortex/images-and-video-folder-for-testing/test/25-01-01-12-26 AM-7728 x 5152 2.jpg is similar to /Users/mathiasboe/Projects/runecortex/images-and-video-folder-for-testing/25-01-01-12-26 AM-7728 x 5152 2.jpg
Duplicate detected: /Users/mathiasboe/Projects/runecortex/images-and-video-folder-for-testing/test/25-01-01-12-26 AM-7728 x 5152 3.jpg is similar to /Users/mathiasboe/Projects/runecortex/images-and-video-folder-for-testing/25-01-01-12-26 AM-7728 x 5152 3.jpg
Duplicate detected: /Users/mathiasboe/Projects/runecortex/images-and-video-folder-for-testing/test/25-01-01-12-26 AM-7728 x 5152 3.jpg is similar to /Users/mathiasboe/Projects/runecortex/images-and-video-folder-for-testing/25-01-01-12-26 AM-7728 x 5152 3.jpg
Duplicate detected: /Users/mathiasboe/Projects/runecortex/images-and-video-folder-for-testing/test/25-01-01-12-26 AM-7728 x 5152 1.jpg is similar to /Users/mathiasboe/Projects/runecortex/images-and-video-folder-for-testing/25-01-01-12-26 AM-7728 x 5152 1.jpg
Duplicate detected: /Users/mathiasboe/Projects/runecortex/images-and-video-folder-for-testing/test/25-01-01-12-26 AM-7728 x 5152 1.jpg is similar to /Users/mathiasboe/Projects/runecortex/images-and-video-folder-for-testing/25-01-01-12-26 AM-7728 x 5152 1.jpg
Duplicate detected: /Users/mathiasboe/Projects/runecortex/images-and-video-folder-for-testing/test/25-01-01-12-25 AM-7728 x 5152.jpg is similar to /Users/mathiasboe/Projects/runecortex/images-and-video-folder-for-testing/25-01-01-12-25 AM-7728 x 5152.jpg
Duplicate detected: /Users/mathiasboe/Projects/runecortex/images-and-video-folder-for-testing/test/25-01-01-12-25 AM-7728 x 5152.jpg is similar to /Users/mathiasboe/Projects/runecortex/images-and-video-folder-for-testing/25-01-01-12-25 AM-7728 x 5152.jpg
Duplicate detected: /Users/mathiasboe/Projects/runecortex/images-and-video-folder-for-testing/test/25-01-01-12-26 AM-7728 x 5152.jpg is similar to /Users/mathiasboe/Projects/runecortex/images-and-video-folder-for-testing/25-01-01-12-26 AM-7728 x 5152.jpg
Duplicate detected: /Users/mathiasboe/Projects/runecortex/images-and-video-folder-for-testing/test/25-01-01-12-26 AM-7728 x 5152.jpg is similar to /Users/mathiasboe/Projects/runecortex/images-and-video-folder-for-testing/25-01-01-12-26 AM-7728 x 5152.jpg
Performing periodic check for missed files...
Performing periodic check for missed files...
Duplicate detected: /Users/mathiasboe/Projects/runecortex/images-and-video-folder-for-testing/test/25-01-01-12-27 AM-7728 x 5152 1.jpg is similar to /Users/mathiasboe/Projects/runecortex/images-and-video-folder-for-testing/25-01-01-12-27 AM-7728 x 5152 1.jpg
Duplicate detected: /Users/mathiasboe/Projects/runecortex/images-and-video-folder-for-testing/test/25-01-01-12-27 AM-7728 x 5152 1.jpg is similar to /Users/mathiasboe/Projects/runecortex/images-and-video-folder-for-testing/25-01-01-12-27 AM-7728 x 5152 1.jpg
Duplicate detected: /Users/mathiasboe/Projects/runecortex/images-and-video-folder-for-testing/test/25-01-01-12-26 AM-7728 x 5152 2.jpg is similar to /Users/mathiasboe/Projects/runecortex/images-and-video-folder-for-testing/25-01-01-12-26 AM-7728 x 5152 2.jpg
Duplicate detected: /Users/mathiasboe/Projects/runecortex/images-and-video-folder-for-testing/test/25-01-01-12-26 AM-7728 x 5152 2.jpg is similar to /Users/mathiasboe/Projects/runecortex/images-and-video-folder-for-testing/25-01-01-12-26 AM-7728 x 5152 2.jpg
Duplicate detected: /Users/mathiasboe/Projects/runecortex/images-and-video-folder-for-testing/test/25-01-01-12-26 AM-7728 x 5152 3.jpg is similar to /Users/mathiasboe/Projects/runecortex/images-and-video-folder-for-testing/25-01-01-12-26 AM-7728 x 5152 3.jpg
Duplicate detected: /Users/mathiasboe/Projects/runecortex/images-and-video-folder-for-testing/test/25-01-01-12-26 AM-7728 x 5152 3.jpg is similar to /Users/mathiasboe/Projects/runecortex/images-and-video-folder-for-testing/25-01-01-12-26 AM-7728 x 5152 3.jpg
Duplicate detected: /Users/mathiasboe/Projects/runecortex/images-and-video-folder-for-testing/test/25-01-01-12-26 AM-7728 x 5152 1.jpg is similar to /Users/mathiasboe/Projects/runecortex/images-and-video-folder-for-testing/25-01-01-12-26 AM-7728 x 5152 1.jpg
Duplicate detected: /Users/mathiasboe/Projects/runecortex/images-and-video-folder-for-testing/test/25-01-01-12-25 AM-7728 x 5152.jpg is similar to /Users/mathiasboe/Projects/runecortex/images-and-video-folder-for-testing/25-01-01-12-25 AM-7728 x 5152.jpg
Duplicate detected: /Users/mathiasboe/Projects/runecortex/images-and-video-folder-for-testing/test/25-01-01-12-26 AM-7728 x 5152 1.jpg is similar to /Users/mathiasboe/Projects/runecortex/images-and-video-folder-for-testing/25-01-01-12-26 AM-7728 x 5152 1.jpg
Duplicate detected: /Users/mathiasboe/Projects/runecortex/images-and-video-folder-for-testing/test/25-01-01-12-26 AM-7728 x 5152.jpg is similar to /Users/mathiasboe/Projects/runecortex/images-and-video-folder-for-testing/25-01-01-12-26 AM-7728 x 5152.jpg
Duplicate detected: /Users/mathiasboe/Projects/runecortex/images-and-video-folder-for-testing/test/25-01-01-12-25 AM-7728 x 5152.jpg is similar to /Users/mathiasboe/Projects/runecortex/images-and-video-folder-for-testing/25-01-01-12-25 AM-7728 x 5152.jpg
Duplicate detected: /Users/mathiasboe/Projects/runecortex/images-and-video-folder-for-testing/test/25-01-01-12-26 AM-7728 x 5152.jpg is similar to /Users/mathiasboe/Projects/runecortex/images-and-video-folder-for-testing/25-01-01-12-26 AM-7728 x 5152.jpg
Performing periodic check for missed files...
Performing periodic check for missed files...
Duplicate detected: /Users/mathiasboe/Projects/runecortex/images-and-video-folder-for-testing/test/25-01-01-12-27 AM-7728 x 5152 1.jpg is similar to /Users/mathiasboe/Projects/runecortex/images-and-video-folder-for-testing/25-01-01-12-27 AM-7728 x 5152 1.jpg
Duplicate detected: /Users/mathiasboe/Projects/runecortex/images-and-video-folder-for-testing/test/25-01-01-12-26 AM-7728 x 5152 2.jpg is similar to /Users/mathiasboe/Projects/runecortex/images-and-video-folder-for-testing/25-01-01-12-26 AM-7728 x 5152 2.jpg
Duplicate detected: /Users/mathiasboe/Projects/runecortex/images-and-video-folder-for-testing/test/25-01-01-12-27 AM-7728 x 5152 1.jpg is similar to /Users/mathiasboe/Projects/runecortex/images-and-video-folder-for-testing/25-01-01-12-27 AM-7728 x 5152 1.jpg
Duplicate detected: /Users/mathiasboe/Projects/runecortex/images-and-video-folder-for-testing/test/25-01-01-12-26 AM-7728 x 5152 3.jpg is similar to /Users/mathiasboe/Projects/runecortex/images-and-video-folder-for-testing/25-01-01-12-26 AM-7728 x 5152 3.jpg
Duplicate detected: /Users/mathiasboe/Projects/runecortex/images-and-video-folder-for-testing/test/25-01-01-12-26 AM-7728 x 5152 2.jpg is similar to /Users/mathiasboe/Projects/runecortex/images-and-video-folder-for-testing/25-01-01-12-26 AM-7728 x 5152 2.jpg
Duplicate detected: /Users/mathiasboe/Projects/runecortex/images-and-video-folder-for-testing/test/25-01-01-12-26 AM-7728 x 5152 1.jpg is similar to /Users/mathiasboe/Projects/runecortex/images-and-video-folder-for-testing/25-01-01-12-26 AM-7728 x 5152 1.jpg
Duplicate detected: /Users/mathiasboe/Projects/runecortex/images-and-video-folder-for-testing/test/25-01-01-12-26 AM-7728 x 5152 3.jpg is similar to /Users/mathiasboe/Projects/runecortex/images-and-video-folder-for-testing/25-01-01-12-26 AM-7728 x 5152 3.jpg
Duplicate detected: /Users/mathiasboe/Projects/runecortex/images-and-video-folder-for-testing/test/25-01-01-12-25 AM-7728 x 5152.jpg is similar to /Users/mathiasboe/Projects/runecortex/images-and-video-folder-for-testing/25-01-01-12-25 AM-7728 x 5152.jpg
Duplicate detected: /Users/mathiasboe/Projects/runecortex/images-and-video-folder-for-testing/test/25-01-01-12-26 AM-7728 x 5152 1.jpg is similar to /Users/mathiasboe/Projects/runecortex/images-and-video-folder-for-testing/25-01-01-12-26 AM-7728 x 5152 1.jpg
Duplicate detected: /Users/mathiasboe/Projects/runecortex/images-and-video-folder-for-testing/test/25-01-01-12-26 AM-7728 x 5152.jpg is similar to /Users/mathiasboe/Projects/runecortex/images-and-video-folder-for-testing/25-01-01-12-26 AM-7728 x 5152.jpg
Duplicate detected: /Users/mathiasboe/Projects/runecortex/images-and-video-folder-for-testing/test/25-01-01-12-25 AM-7728 x 5152.jpg is similar to /Users/mathiasboe/Projects/runecortex/images-and-video-folder-for-testing/25-01-01-12-25 AM-7728 x 5152.jpg
Duplicate detected: /Users/mathiasboe/Projects/runecortex/images-and-video-folder-for-testing/test/25-01-01-12-26 AM-7728 x 5152.jpg is similar to /Users/mathiasboe/Projects/runecortex/images-and-video-folder-for-testing/25-01-01-12-26 AM-7728 x 5152.jpg
Performing periodic check for missed files...
Performing periodic check for missed files...
Duplicate detected: /Users/mathiasboe/Projects/runecortex/images-and-video-folder-for-testing/test/25-01-01-12-27 AM-7728 x 5152 1.jpg is similar to /Users/mathiasboe/Projects/runecortex/images-and-video-folder-for-testing/25-01-01-12-27 AM-7728 x 5152 1.jpg
Duplicate detected: /Users/mathiasboe/Projects/runecortex/images-and-video-folder-for-testing/test/25-01-01-12-27 AM-7728 x 5152 1.jpg is similar to /Users/mathiasboe/Projects/runecortex/images-and-video-folder-for-testing/25-01-01-12-27 AM-7728 x 5152 1.jpg
Duplicate detected: /Users/mathiasboe/Projects/runecortex/images-and-video-folder-for-testing/test/25-01-01-12-26 AM-7728 x 5152 2.jpg is similar to /Users/mathiasboe/Projects/runecortex/images-and-video-folder-for-testing/25-01-01-12-26 AM-7728 x 5152 2.jpg
Duplicate detected: /Users/mathiasboe/Projects/runecortex/images-and-video-folder-for-testing/test/25-01-01-12-26 AM-7728 x 5152 2.jpg is similar to /Users/mathiasboe/Projects/runecortex/images-and-video-folder-for-testing/25-01-01-12-26 AM-7728 x 5152 2.jpg
Duplicate detected: /Users/mathiasboe/Projects/runecortex/images-and-video-folder-for-testing/test/25-01-01-12-26 AM-7728 x 5152 3.jpg is similar to /Users/mathiasboe/Projects/runecortex/images-and-video-folder-for-testing/25-01-01-12-26 AM-7728 x 5152 3.jpg
Duplicate detected: /Users/mathiasboe/Projects/runecortex/images-and-video-folder-for-testing/test/25-01-01-12-26 AM-7728 x 5152 3.jpg is similar to /Users/mathiasboe/Projects/runecortex/images-and-video-folder-for-testing/25-01-01-12-26 AM-7728 x 5152 3.jpg
Duplicate detected: /Users/mathiasboe/Projects/runecortex/images-and-video-folder-for-testing/test/25-01-01-12-26 AM-7728 x 5152 1.jpg is similar to /Users/mathiasboe/Projects/runecortex/images-and-video-folder-for-testing/25-01-01-12-26 AM-7728 x 5152 1.jpg
Duplicate detected: /Users/mathiasboe/Projects/runecortex/images-and-video-folder-for-testing/test/25-01-01-12-26 AM-7728 x 5152 1.jpg is similar to /Users/mathiasboe/Projects/runecortex/images-and-video-folder-for-testing/25-01-01-12-26 AM-7728 x 5152 1.jpg
Duplicate detected: /Users/mathiasboe/Projects/runecortex/images-and-video-folder-for-testing/test/25-01-01-12-25 AM-7728 x 5152.jpg is similar to /Users/mathiasboe/Projects/runecortex/images-and-video-folder-for-testing/25-01-01-12-25 AM-7728 x 5152.jpg
Duplicate detected: /Users/mathiasboe/Projects/runecortex/images-and-video-folder-for-testing/test/25-01-01-12-25 AM-7728 x 5152.jpg is similar to /Users/mathiasboe/Projects/runecortex/images-and-video-folder-for-testing/25-01-01-12-25 AM-7728 x 5152.jpg
Duplicate detected: /Users/mathiasboe/Projects/runecortex/images-and-video-folder-for-testing/test/25-01-01-12-26 AM-7728 x 5152.jpg is similar to /Users/mathiasboe/Projects/runecortex/images-and-video-folder-for-testing/25-01-01-12-26 AM-7728 x 5152.jpg
Duplicate detected: /Users/mathiasboe/Projects/runecortex/images-and-video-folder-for-testing/test/25-01-01-12-26 AM-7728 x 5152.jpg is similar to /Users/mathiasboe/Projects/runecortex/images-and-video-folder-for-testing/25-01-01-12-26 AM-7728 x 5152.jpg
Performing periodic check for missed files...
Performing periodic check for missed files...
Duplicate detected: /Users/mathiasboe/Projects/runecortex/images-and-video-folder-for-testing/test/25-01-01-12-27 AM-7728 x 5152 1.jpg is similar to /Users/mathiasboe/Projects/runecortex/images-and-video-folder-for-testing/25-01-01-12-27 AM-7728 x 5152 1.jpg
Duplicate detected: /Users/mathiasboe/Projects/runecortex/images-and-video-folder-for-testing/test/25-01-01-12-27 AM-7728 x 5152 1.jpg is similar to /Users/mathiasboe/Projects/runecortex/images-and-video-folder-for-testing/25-01-01-12-27 AM-7728 x 5152 1.jpg
Duplicate detected: /Users/mathiasboe/Projects/runecortex/images-and-video-folder-for-testing/test/25-01-01-12-26 AM-7728 x 5152 2.jpg is similar to /Users/mathiasboe/Projects/runecortex/images-and-video-folder-for-testing/25-01-01-12-26 AM-7728 x 5152 2.jpg
Duplicate detected: /Users/mathiasboe/Projects/runecortex/images-and-video-folder-for-testing/test/25-01-01-12-26 AM-7728 x 5152 2.jpg is similar to /Users/mathiasboe/Projects/runecortex/images-and-video-folder-for-testing/25-01-01-12-26 AM-7728 x 5152 2.jpg
Duplicate detected: /Users/mathiasboe/Projects/runecortex/images-and-video-folder-for-testing/test/25-01-01-12-26 AM-7728 x 5152 3.jpg is similar to /Users/mathiasboe/Projects/runecortex/images-and-video-folder-for-testing/25-01-01-12-26 AM-7728 x 5152 3.jpg
Duplicate detected: /Users/mathiasboe/Projects/runecortex/images-and-video-folder-for-testing/test/25-01-01-12-26 AM-7728 x 5152 3.jpg is similar to /Users/mathiasboe/Projects/runecortex/images-and-video-folder-for-testing/25-01-01-12-26 AM-7728 x 5152 3.jpg
Duplicate detected: /Users/mathiasboe/Projects/runecortex/images-and-video-folder-for-testing/test/25-01-01-12-26 AM-7728 x 5152 1.jpg is similar to /Users/mathiasboe/Projects/runecortex/images-and-video-folder-for-testing/25-01-01-12-26 AM-7728 x 5152 1.jpg
Duplicate detected: /Users/mathiasboe/Projects/runecortex/images-and-video-folder-for-testing/test/25-01-01-12-26 AM-7728 x 5152 1.jpg is similar to /Users/mathiasboe/Projects/runecortex/images-and-video-folder-for-testing/25-01-01-12-26 AM-7728 x 5152 1.jpg
Duplicate detected: /Users/mathiasboe/Projects/runecortex/images-and-video-folder-for-testing/test/25-01-01-12-25 AM-7728 x 5152.jpg is similar to /Users/mathiasboe/Projects/runecortex/images-and-video-folder-for-testing/25-01-01-12-25 AM-7728 x 5152.jpg
Duplicate detected: /Users/mathiasboe/Projects/runecortex/images-and-video-folder-for-testing/test/25-01-01-12-25 AM-7728 x 5152.jpg is similar to /Users/mathiasboe/Projects/runecortex/images-and-video-folder-for-testing/25-01-01-12-25 AM-7728 x 5152.jpg
Duplicate detected: /Users/mathiasboe/Projects/runecortex/images-and-video-folder-for-testing/test/25-01-01-12-26 AM-7728 x 5152.jpg is similar to /Users/mathiasboe/Projects/runecortex/images-and-video-folder-for-testing/25-01-01-12-26 AM-7728 x 5152.jpg
Duplicate detected: /Users/mathiasboe/Projects/runecortex/images-and-video-folder-for-testing/test/25-01-01-12-26 AM-7728 x 5152.jpg is similar to /Users/mathiasboe/Projects/runecortex/images-and-video-folder-for-testing/25-01-01-12-26 AM-7728 x 5152.jpg
Performing periodic check for missed files...
Performing periodic check for missed files...
Duplicate detected: /Users/mathiasboe/Projects/runecortex/images-and-video-folder-for-testing/test/25-01-01-12-27 AM-7728 x 5152 1.jpg is similar to /Users/mathiasboe/Projects/runecortex/images-and-video-folder-for-testing/25-01-01-12-27 AM-7728 x 5152 1.jpg
Duplicate detected: /Users/mathiasboe/Projects/runecortex/images-and-video-folder-for-testing/test/25-01-01-12-27 AM-7728 x 5152 1.jpg is similar to /Users/mathiasboe/Projects/runecortex/images-and-video-folder-for-testing/25-01-01-12-27 AM-7728 x 5152 1.jpg
Duplicate detected: /Users/mathiasboe/Projects/runecortex/images-and-video-folder-for-testing/test/25-01-01-12-26 AM-7728 x 5152 2.jpg is similar to /Users/mathiasboe/Projects/runecortex/images-and-video-folder-for-testing/25-01-01-12-26 AM-7728 x 5152 2.jpg
Duplicate detected: /Users/mathiasboe/Projects/runecortex/images-and-video-folder-for-testing/test/25-01-01-12-26 AM-7728 x 5152 2.jpg is similar to /Users/mathiasboe/Projects/runecortex/images-and-video-folder-for-testing/25-01-01-12-26 AM-7728 x 5152 2.jpg
Duplicate detected: /Users/mathiasboe/Projects/runecortex/images-and-video-folder-for-testing/test/25-01-01-12-26 AM-7728 x 5152 3.jpg is similar to /Users/mathiasboe/Projects/runecortex/images-and-video-folder-for-testing/25-01-01-12-26 AM-7728 x 5152 3.jpg
Duplicate detected: /Users/mathiasboe/Projects/runecortex/images-and-video-folder-for-testing/test/25-01-01-12-26 AM-7728 x 5152 3.jpg is similar to /Users/mathiasboe/Projects/runecortex/images-and-video-folder-for-testing/25-01-01-12-26 AM-7728 x 5152 3.jpg
Duplicate detected: /Users/mathiasboe/Projects/runecortex/images-and-video-folder-for-testing/test/25-01-01-12-26 AM-7728 x 5152 1.jpg is similar to /Users/mathiasboe/Projects/runecortex/images-and-video-folder-for-testing/25-01-01-12-26 AM-7728 x 5152 1.jpg
Duplicate detected: /Users/mathiasboe/Projects/runecortex/images-and-video-folder-for-testing/test/25-01-01-12-26 AM-7728 x 5152 1.jpg is similar to /Users/mathiasboe/Projects/runecortex/images-and-video-folder-for-testing/25-01-01-12-26 AM-7728 x 5152 1.jpg
Duplicate detected: /Users/mathiasboe/Projects/runecortex/images-and-video-folder-for-testing/test/25-01-01-12-25 AM-7728 x 5152.jpg is similar to /Users/mathiasboe/Projects/runecortex/images-and-video-folder-for-testing/25-01-01-12-25 AM-7728 x 5152.jpg
Duplicate detected: /Users/mathiasboe/Projects/runecortex/images-and-video-folder-for-testing/test/25-01-01-12-25 AM-7728 x 5152.jpg is similar to /Users/mathiasboe/Projects/runecortex/images-and-video-folder-for-testing/25-01-01-12-25 AM-7728 x 5152.jpg
Duplicate detected: /Users/mathiasboe/Projects/runecortex/images-and-video-folder-for-testing/test/25-01-01-12-26 AM-7728 x 5152.jpg is similar to /Users/mathiasboe/Projects/runecortex/images-and-video-folder-for-testing/25-01-01-12-26 AM-7728 x 5152.jpg
Duplicate detected: /Users/mathiasboe/Projects/runecortex/images-and-video-folder-for-testing/test/25-01-01-12-26 AM-7728 x 5152.jpg is similar to /Users/mathiasboe/Projects/runecortex/images-and-video-folder-for-testing/25-01-01-12-26 AM-7728 x 5152.jpg
Performing periodic check for missed files...
Performing periodic check for missed files...
Duplicate detected: /Users/mathiasboe/Projects/runecortex/images-and-video-folder-for-testing/test/25-01-01-12-27 AM-7728 x 5152 1.jpg is similar to /Users/mathiasboe/Projects/runecortex/images-and-video-folder-for-testing/25-01-01-12-27 AM-7728 x 5152 1.jpg
Duplicate detected: /Users/mathiasboe/Projects/runecortex/images-and-video-folder-for-testing/test/25-01-01-12-27 AM-7728 x 5152 1.jpg is similar to /Users/mathiasboe/Projects/runecortex/images-and-video-folder-for-testing/25-01-01-12-27 AM-7728 x 5152 1.jpg
Duplicate detected: /Users/mathiasboe/Projects/runecortex/images-and-video-folder-for-testing/test/25-01-01-12-26 AM-7728 x 5152 2.jpg is similar to /Users/mathiasboe/Projects/runecortex/images-and-video-folder-for-testing/25-01-01-12-26 AM-7728 x 5152 2.jpg
Duplicate detected: /Users/mathiasboe/Projects/runecortex/images-and-video-folder-for-testing/test/25-01-01-12-26 AM-7728 x 5152 2.jpg is similar to /Users/mathiasboe/Projects/runecortex/images-and-video-folder-for-testing/25-01-01-12-26 AM-7728 x 5152 2.jpg
Duplicate detected: /Users/mathiasboe/Projects/runecortex/images-and-video-folder-for-testing/test/25-01-01-12-26 AM-7728 x 5152 3.jpg is similar to /Users/mathiasboe/Projects/runecortex/images-and-video-folder-for-testing/25-01-01-12-26 AM-7728 x 5152 3.jpg
Duplicate detected: /Users/mathiasboe/Projects/runecortex/images-and-video-folder-for-testing/test/25-01-01-12-26 AM-7728 x 5152 3.jpg is similar to /Users/mathiasboe/Projects/runecortex/images-and-video-folder-for-testing/25-01-01-12-26 AM-7728 x 5152 3.jpg
Duplicate detected: /Users/mathiasboe/Projects/runecortex/images-and-video-folder-for-testing/test/25-01-01-12-26 AM-7728 x 5152 1.jpg is similar to /Users/mathiasboe/Projects/runecortex/images-and-video-folder-for-testing/25-01-01-12-26 AM-7728 x 5152 1.jpg
Duplicate detected: /Users/mathiasboe/Projects/runecortex/images-and-video-folder-for-testing/test/25-01-01-12-26 AM-7728 x 5152 1.jpg is similar to /Users/mathiasboe/Projects/runecortex/images-and-video-folder-for-testing/25-01-01-12-26 AM-7728 x 5152 1.jpg
Duplicate detected: /Users/mathiasboe/Projects/runecortex/images-and-video-folder-for-testing/test/25-01-01-12-25 AM-7728 x 5152.jpg is similar to /Users/mathiasboe/Projects/runecortex/images-and-video-folder-for-testing/25-01-01-12-25 AM-7728 x 5152.jpg
Duplicate detected: /Users/mathiasboe/Projects/runecortex/images-and-video-folder-for-testing/test/25-01-01-12-25 AM-7728 x 5152.jpg is similar to /Users/mathiasboe/Projects/runecortex/images-and-video-folder-for-testing/25-01-01-12-25 AM-7728 x 5152.jpg
Duplicate detected: /Users/mathiasboe/Projects/runecortex/images-and-video-folder-for-testing/test/25-01-01-12-26 AM-7728 x 5152.jpg is similar to /Users/mathiasboe/Projects/runecortex/images-and-video-folder-for-testing/25-01-01-12-26 AM-7728 x 5152.jpg
Duplicate detected: /Users/mathiasboe/Projects/runecortex/images-and-video-folder-for-testing/test/25-01-01-12-26 AM-7728 x 5152.jpg is similar to /Users/mathiasboe/Projects/runecortex/images-and-video-folder-for-testing/25-01-01-12-26 AM-7728 x 5152.jpg
